domain,status,confidence,http_status
narrative.com,taken,registry,200
nrrtv.com,taken,registry,200
getnarrative.com,taken,registry,200
trynarrative.com,taken,registry,200
usenarrative.com,taken,registry,200
gonarrative.com,taken,registry,200
heynarrative.com,taken,registry,200
runnarrative.com,taken,registry,200
narrativehq.com,taken,registry,200
narrativelab.com,taken,registry,200
narrativelabs.com,taken,registry,200
narrativeapp.com,taken,registry,200
narrativekit.com,taken,registry,200
narrativerun.com,taken,registry,200
narrativeos.com,taken,registry,200
evergreen.com,taken,registry,200
evrgrn.com,taken,registry,200
getevergreen.com,taken,registry,200
tryevergreen.com,taken,registry,200
useevergreen.com,taken,registry,200
goevergreen.com,taken,registry,200
heyevergreen.com,taken,registry,200
runevergreen.com,taken,registry,200
evergreenhq.com,taken,registry,200
evergreenlab.com,taken,registry,200
evergreenlabs.com,taken,registry,200
evergreenapp.com,taken,registry,200
evergreenkit.com,taken,registry,200
evergreenrun.com,available,registry,404
evergreenos.com,taken,registry,200
letter.com,taken,registry,200
lttr.com,taken,registry,200
getletter.com,taken,registry,200
tryletter.com,taken,registry,200
useletter.com,taken,registry,200
goletter.com,taken,registry,200
heyletter.com,taken,registry,200
runletter.com,taken,registry,200
letterhq.com,taken,registry,200
letterlab.com,taken,registry,200
letterlabs.com,taken,registry,200
letterapp.com,taken,registry,200
letterkit.com,taken,registry,200
letterrun.com,taken,registry,200
letteros.com,taken,registry,200
letterworks.com,taken,registry,200
read.com,taken,registry,200
readus.com,taken,registry,200
reada.com,taken,registry,200
reado.com,taken,registry,200
readum.com,taken,registry,200
readis.com,taken,registry,200
readal.com,taken,registry,200
imread.com,taken,registry,200
imreadis.com,available,registry,404
readd.com,taken,registry,200
readora.com,taken,registry,200
readion.com,taken,registry,200
readelle.com,taken,registry,200
readara.com,taken,registry,200
readia.com,taken,registry,200
readeve.com,taken,registry,200
readova.com,taken,registry,200
readen.com,taken,registry,200
readex.com,taken,registry,200
readax.com,taken,registry,200
readyn.com,taken,registry,200
readea.com,taken,registry,200
readel.com,taken,registry,200
getread.com,taken,registry,200
tryread.com,taken,registry,200
useread.com,taken,registry,200
goread.com,taken,registry,200
heyread.com,taken,registry,200
runread.com,taken,registry,200
readhq.com,taken,registry,200
readlab.com,taken,registry,200
readlabs.com,taken,registry,200
readapp.com,taken,registry,200
readkit.com,taken,registry,200
readrun.com,taken,registry,200
reados.com,taken,registry,200
readworks.com,taken,registry,200
origin.com,taken,registry,200
orgn.com,taken,registry,200
getorigin.com,taken,registry,200
tryorigin.com,taken,registry,200
useorigin.com,taken,registry,200
goorigin.com,taken,registry,200
heyorigin.com,taken,registry,200
runorigin.com,taken,registry,200
originhq.com,taken,registry,200
originlab.com,taken,registry,200
originlabs.com,taken,registry,200
originapp.com,taken,registry,200
originkit.com,taken,registry,200
originrun.com,taken,registry,200
originos.com,taken,registry,200
originworks.com,taken,registry,200
atlas.com,taken,registry,200
atls.com,taken,registry,200
atlasus.com,taken,registry,200
atlasa.com,taken,registry,200
atlaso.com,taken,registry,200
atlasum.com,taken,registry,200
atlasis.com,taken,registry,200
atlasal.com,taken,registry,200
imatlas.com,taken,registry,200
imatlasis.com,available,registry,404
atlasora.com,taken,registry,200
atlasion.com,taken,registry,200
atlaselle.com,taken,registry,200
atlasara.com,taken,registry,200
atlasia.com,taken,registry,200
atlaseve.com,available,registry,404
atlasova.com,taken,registry,200
atlasen.com,taken,registry,200
atlasex.com,taken,registry,200
atlasax.com,taken,registry,200
atlasyn.com,taken,registry,200
atlasea.com,taken,registry,200
atlasel.com,taken,registry,200
getatlas.com,taken,registry,200
tryatlas.com,taken,registry,200
useatlas.com,taken,registry,200
goatlas.com,taken,registry,200
heyatlas.com,taken,registry,200
runatlas.com,taken,registry,200
atlashq.com,taken,registry,200
atlaslab.com,taken,registry,200
atlaslabs.com,taken,registry,200
atlasapp.com,taken,registry,200
atlaskit.com,taken,registry,200
atlasrun.com,taken,registry,200
atlasos.com,taken,registry,200
atlasworks.com,taken,registry,200
gather.com,taken,registry,200
gthr.com,taken,registry,200
getgather.com,taken,registry,200
trygather.com,taken,registry,200
usegather.com,taken,registry,200
gogather.com,taken,registry,200
heygather.com,taken,registry,200
rungather.com,available,registry,404
gatherhq.com,taken,registry,200
gatherlab.com,taken,registry,200
gatherlabs.com,taken,registry,200
gatherapp.com,taken,registry,200
gatherkit.com,taken,registry,200
gatherrun.com,taken,registry,200
gatheros.com,taken,registry,200
gatherworks.com,taken,registry,200
edition.com,taken,registry,200
edtn.com,taken,registry,200
getedition.com,taken,registry,200
tryedition.com,taken,registry,200
useedition.com,taken,registry,200
goedition.com,taken,registry,200
heyedition.com,available,registry,404
runedition.com,available,registry,404
editionhq.com,taken,registry,200
editionlab.com,taken,registry,200
editionlabs.com,taken,registry,200
editionapp.com,taken,registry,200
editionkit.com,taken,registry,200
editionrun.com,available,registry,404
editionos.com,taken,registry,200
editionworks.com,taken,registry,200
future.com,taken,registry,200
getfuture.com,taken,registry,200
tryfuture.com,taken,registry,200
usefuture.com,taken,registry,200
gofuture.com,taken,registry,200
heyfuture.com,taken,registry,200
runfuture.com,taken,registry,200
futurehq.com,taken,registry,200
futurelab.com,taken,registry,200
futurelabs.com,taken,registry,200
futureapp.com,taken,registry,200
futurekit.com,taken,registry,200
futurerun.com,taken,registry,200
futureos.com,taken,registry,200
futureworks.com,taken,registry,200
dialogue.com,taken,registry,200
getdialogue.com,taken,registry,200
trydialogue.com,taken,registry,200
usedialogue.com,taken,registry,200
godialogue.com,taken,registry,200
heydialogue.com,taken,registry,200
rundialogue.com,available,registry,404
dialoguehq.com,taken,registry,200
dialoguelab.com,taken,registry,200
dialoguelabs.com,taken,registry,200
dialogueapp.com,taken,registry,200
dialoguekit.com,taken,registry,200
dialoguerun.com,available,registry,404
dialogueos.com,taken,registry,200
dialogueworks.com,taken,registry,200
commons.com,taken,registry,200
cmmns.com,taken,registry,200
getcommons.com,taken,registry,200
trycommons.com,taken,registry,200
usecommons.com,taken,registry,200
gocommons.com,taken,registry,200
heycommons.com,available,registry,404
runcommons.com,taken,registry,200
commonshq.com,taken,registry,200
commonslab.com,taken,registry,200
commonslabs.com,taken,registry,200
commonsapp.com,taken,registry,200
commonskit.com,taken,registry,200
commonsrun.com,available,registry,404
commonsos.com,taken,registry,200
commonsworks.com,taken,registry,200
story.com,taken,registry,200
stry.com,taken,registry,200
storyus.com,taken,registry,200
storya.com,taken,registry,200
storyo.com,taken,registry,200
storyum.com,taken,registry,200
storyis.com,taken,registry,200
storyal.com,taken,registry,200
imstory.com,taken,registry,200
imstoryis.com,available,registry,404
storyora.com,taken,registry,200
storyion.com,available,registry,404
storyelle.com,taken,registry,200
storyara.com,taken,registry,200
storyia.com,taken,registry,200
storyeve.com,taken,registry,200
storyova.com,available,registry,404
storyen.com,taken,registry,200
storyex.com,taken,registry,200
storyax.com,taken,registry,200
storyea.com,taken,registry,200
storyel.com,taken,registry,200
getstory.com,taken,registry,200
trystory.com,taken,registry,200
usestory.com,taken,registry,200
gostory.com,taken,registry,200
heystory.com,taken,registry,200
runstory.com,taken,registry,200
storyhq.com,taken,registry,200
storylab.com,taken,registry,200
storylabs.com,taken,registry,200
storyapp.com,taken,registry,200
storykit.com,taken,registry,200
storyrun.com,taken,registry,200
storyos.com,taken,registry,200
storyworks.com,taken,registry,200
harbor.com,taken,registry,200
hrbr.com,taken,registry,200
getharbor.com,taken,registry,200
tryharbor.com,taken,registry,200
useharbor.com,taken,registry,200
goharbor.com,taken,registry,200
heyharbor.com,taken,registry,200
runharbor.com,taken,registry,200
harborhq.com,taken,registry,200
harborlab.com,taken,registry,200
harborlabs.com,taken,registry,200
harborapp.com,taken,registry,200
harborkit.com,taken,registry,200
harborrun.com,taken,registry,200
harboros.com,taken,registry,200
harborworks.com,taken,registry,200
signal.com,taken,registry,200
sgnl.com,taken,registry,200
getsignal.com,taken,registry,200
trysignal.com,taken,registry,200
usesignal.com,taken,registry,200
gosignal.com,taken,registry,200
heysignal.com,taken,registry,200
runsignal.com,taken,registry,200
signalhq.com,taken,registry,200
signallab.com,taken,registry,200
signallabs.com,taken,registry,200
signalapp.com,taken,registry,200
signalkit.com,taken,registry,200
signalrun.com,taken,registry,200
signalos.com,taken,registry,200
signalworks.com,taken,registry,200
public.com,taken,registry,200
pblc.com,taken,registry,200
getpublic.com,taken,registry,200
trypublic.com,taken,registry,200
usepublic.com,taken,registry,200
gopublic.com,taken,registry,200
heypublic.com,taken,registry,200
runpublic.com,taken,registry,200
publichq.com,taken,registry,200
publiclab.com,taken,registry,200
publiclabs.com,taken,registry,200
publicapp.com,taken,registry,200
publickit.com,taken,registry,200
publicrun.com,taken,registry,200
publicos.com,taken,registry,200
publicworks.com,taken,registry,200
history.com,taken,registry,200
hstry.com,taken,registry,200
gethistory.com,taken,registry,200
tryhistory.com,taken,registry,200
usehistory.com,available,registry,404
gohistory.com,taken,registry,200
heyhistory.com,taken,registry,200
runhistory.com,taken,registry,200
historyhq.com,taken,registry,200
historylab.com,taken,registry,200
historylabs.com,taken,registry,200
historyapp.com,taken,registry,200
historykit.com,taken,registry,200
historyrun.com,taken,registry,200
historyos.com,taken,registry,200
historyworks.com,taken,registry,200
meridian.com,taken,registry,200
mrdn.com,taken,registry,200
getmeridian.com,taken,registry,200
trymeridian.com,taken,registry,200
usemeridian.com,taken,registry,200
gomeridian.com,taken,registry,200
heymeridian.com,taken,registry,200
runmeridian.com,taken,registry,200
meridianhq.com,taken,registry,200
meridianlab.com,taken,registry,200
meridianlabs.com,taken,registry,200
meridianapp.com,taken,registry,200
meridiankit.com,taken,registry,200
meridianrun.com,taken,registry,200
meridianos.com,taken,registry,200
meridianworks.com,taken,registry,200
note.com,taken,registry,200
notee.com,taken,registry,200
noteora.com,taken,registry,200
noteion.com,available,registry,404
noteelle.com,available,registry,404
noteara.com,taken,registry,200
noteia.com,taken,registry,200
noteeve.com,available,registry,404
noteova.com,taken,registry,200
noteen.com,taken,registry,200
noteex.com,taken,registry,200
noteax.com,available,registry,404
noteyn.com,available,registry,404
noteea.com,available,registry,404
noteel.com,taken,registry,200
getnote.com,taken,registry,200
trynote.com,taken,registry,200
usenote.com,taken,registry,200
gonote.com,taken,registry,200
heynote.com,taken,registry,200
runnote.com,taken,registry,200
notehq.com,taken,registry,200
notelab.com,taken,registry,200
notelabs.com,taken,registry,200
noteapp.com,taken,registry,200
notekit.com,taken,registry,200
noterun.com,taken,registry,200
noteos.com,taken,registry,200
noteworks.com,taken,registry,200
world.com,taken,registry,200
wrld.com,taken,registry,200
worldus.com,taken,registry,200
worlda.com,taken,registry,200
worldo.com,taken,registry,200
worldum.com,taken,registry,200
worldis.com,taken,registry,200
worldal.com,taken,registry,200
imworld.com,taken,registry,200
imworldis.com,available,registry,404
worldora.com,taken,registry,200
worldion.com,taken,registry,200
worldelle.com,taken,registry,200
worldara.com,taken,registry,200
worldia.com,taken,registry,200
worldeve.com,taken,registry,200
worldova.com,taken,registry,200
worlden.com,taken,registry,200
worldex.com,taken,registry,200
worldax.com,taken,registry,200
worldyn.com,taken,registry,200
worldea.com,taken,registry,200
worldel.com,taken,registry,200
getworld.com,taken,registry,200
tryworld.com,taken,registry,200
useworld.com,taken,registry,200
goworld.com,taken,registry,200
heyworld.com,taken,registry,200
runworld.com,taken,registry,200
worldhq.com,taken,registry,200
worldlab.com,taken,registry,200
worldlabs.com,taken,registry,200
worldapp.com,taken,registry,200
worldkit.com,taken,registry,200
worldrun.com,taken,registry,200
worldos.com,taken,registry,200
worldworks.com,taken,registry,200
branch.com,taken,registry,200
brnch.com,taken,registry,200
getbranch.com,taken,registry,200
trybranch.com,taken,registry,200
usebranch.com,taken,registry,200
gobranch.com,taken,registry,200
heybranch.com,taken,registry,200
runbranch.com,taken,registry,200
branchhq.com,taken,registry,200
branchlab.com,taken,registry,200
branchlabs.com,taken,registry,200
branchapp.com,taken,registry,200
branchkit.com,taken,registry,200
branchrun.com,taken,registry,200
branchos.com,taken,registry,200
branchworks.com,taken,registry,200
article.com,taken,registry,200
artcl.com,taken,registry,200
getarticle.com,taken,registry,200
tryarticle.com,taken,registry,200
usearticle.com,taken,registry,200
goarticle.com,taken,registry,200
heyarticle.com,taken,registry,200
runarticle.com,available,registry,404
articlehq.com,taken,registry,200
articlelab.com,taken,registry,200
articlelabs.com,taken,registry,200
articleapp.com,taken,registry,200
articlekit.com,taken,registry,200
articlerun.com,taken,registry,200
articleos.com,taken,registry,200
articleworks.com,taken,registry,200
first.com,taken,registry,200
frst.com,taken,registry,200
firstus.com,taken,registry,200
firsta.com,taken,registry,200
firsto.com,taken,registry,200
firstum.com,taken,registry,200
firstis.com,taken,registry,200
firstal.com,taken,registry,200
imfirst.com,taken,registry,200
imfirstis.com,available,registry,404
fyrst.com,taken,registry,200
fyrste.com,taken,registry,200
firstora.com,taken,registry,200
firstion.com,taken,registry,200
firstelle.com,available,registry,404
firstara.com,taken,registry,200
firstia.com,taken,registry,200
firsteve.com,taken,registry,200
firstova.com,available,registry,404
firsten.com,taken,registry,200
firstex.com,taken,registry,200
firstax.com,taken,registry,200
firstyn.com,available,registry,404
firstea.com,taken,registry,200
firstel.com,taken,registry,200
getfirst.com,taken,registry,200
tryfirst.com,taken,registry,200
usefirst.com,taken,registry,200
gofirst.com,taken,registry,200
heyfirst.com,taken,registry,200
runfirst.com,taken,registry,200
firsthq.com,taken,registry,200
firstlab.com,taken,registry,200
firstlabs.com,taken,registry,200
firstapp.com,taken,registry,200
firstkit.com,taken,registry,200
firstrun.com,taken,registry,200
firstos.com,taken,registry,200
firstworks.com,taken,registry,200
voice.com,taken,registry,200
voyce.com,taken,registry,200
voiceora.com,taken,registry,200
voiceion.com,taken,registry,200
voiceelle.com,available,registry,404
voiceara.com,taken,registry,200
voiceia.com,taken,registry,200
voiceeve.com,available,registry,404
voiceova.com,taken,registry,200
voiceen.com,taken,registry,200
voiceex.com,taken,registry,200
voiceax.com,taken,registry,200
voiceyn.com,available,registry,404
voiceea.com,available,registry,404
voiceel.com,taken,registry,200
getvoice.com,taken,registry,200
tryvoice.com,taken,registry,200
usevoice.com,taken,registry,200
govoice.com,taken,registry,200
heyvoice.com,taken,registry,200
runvoice.com,taken,registry,200
voicehq.com,taken,registry,200
voicelab.com,taken,registry,200
voicelabs.com,taken,registry,200
voiceapp.com,taken,registry,200
voicekit.com,taken,registry,200
voicerun.com,taken,registry,200
voiceos.com,taken,registry,200
voiceworks.com,taken,registry,200
culture.com,taken,registry,200
cltr.com,taken,registry,200
getculture.com,taken,registry,200
tryculture.com,taken,registry,200
useculture.com,taken,registry,200
goculture.com,taken,registry,200
heyculture.com,taken,registry,200
runculture.com,taken,registry,200
culturehq.com,taken,registry,200
culturelab.com,taken,registry,200
culturelabs.com,taken,registry,200
cultureapp.com,taken,registry,200
culturekit.com,taken,registry,200
culturerun.com,taken,registry,200
cultureos.com,taken,registry,200
cultureworks.com,taken,registry,200
paper.com,taken,registry,200
paperus.com,taken,registry,200
papera.com,taken,registry,200
papero.com,taken,registry,200
paperum.com,taken,registry,200
paperis.com,taken,registry,200
paperal.com,taken,registry,200
impaper.com,taken,registry,200
impaperis.com,available,registry,404
paperora.com,taken,registry,200
paperion.com,taken,registry,200
paperelle.com,taken,registry,200
paperara.com,available,registry,404
paperia.com,taken,registry,200
papereve.com,available,registry,404
paperova.com,taken,registry,200
paperen.com,taken,registry,200
paperex.com,taken,registry,200
paperax.com,taken,registry,200
paperyn.com,taken,registry,200
paperea.com,available,registry,404
paperel.com,taken,registry,200
getpaper.com,taken,registry,200
trypaper.com,taken,registry,200
usepaper.com,taken,registry,200
gopaper.com,taken,registry,200
heypaper.com,taken,registry,200
runpaper.com,taken,registry,200
paperhq.com,taken,registry,200
paperlab.com,taken,registry,200
paperlabs.com,taken,registry,200
paperapp.com,taken,registry,200
paperkit.com,taken,registry,200
paperrun.com,taken,registry,200
paperos.com,taken,registry,200
paperworks.com,taken,registry,200
folio.com,taken,registry,200
folyo.com,taken,registry,200
folyoe.com,available,registry,404
folioora.com,taken,registry,200
folioion.com,available,registry,404
folioelle.com,available,registry,404
folioara.com,available,registry,404
folioia.com,taken,registry,200
folioeve.com,available,registry,404
folioova.com,available,registry,404
folioen.com,available,registry,404
folioex.com,taken,registry,200
folioax.com,available,registry,404
folioyn.com,available,registry,404
folioea.com,available,registry,404
folioel.com,available,registry,404
getfolio.com,taken,registry,200
tryfolio.com,taken,registry,200
usefolio.com,taken,registry,200
gofolio.com,taken,registry,200
heyfolio.com,taken,registry,200
runfolio.com,taken,registry,200
foliohq.com,taken,registry,200
foliolab.com,taken,registry,200
foliolabs.com,taken,registry,200
folioapp.com,taken,registry,200
foliokit.com,taken,registry,200
foliorun.com,taken,registry,200
folioos.com,taken,registry,200
folioworks.com,taken,registry,200
morrow.com,taken,registry,200
mrrw.com,taken,registry,200
getmorrow.com,taken,registry,200
trymorrow.com,taken,registry,200
usemorrow.com,taken,registry,200
gomorrow.com,taken,registry,200
heymorrow.com,taken,registry,200
runmorrow.com,available,registry,404
morrowhq.com,taken,registry,200
morrowlab.com,taken,registry,200
morrowlabs.com,taken,registry,200
morrowapp.com,taken,registry,200
morrowkit.com,taken,registry,200
morrowrun.com,available,registry,404
morrowos.com,taken,registry,200
morrowworks.com,taken,registry,200
garden.com,taken,registry,200
grdn.com,taken,registry,200
getgarden.com,taken,registry,200
trygarden.com,taken,registry,200
usegarden.com,taken,registry,200
gogarden.com,taken,registry,200
heygarden.com,taken,registry,200
rungarden.com,taken,registry,200
gardenhq.com,taken,registry,200
gardenlab.com,taken,registry,200
gardenlabs.com,taken,registry,200
gardenapp.com,taken,registry,200
gardenkit.com,taken,registry,200
gardenrun.com,taken,registry,200
gardenos.com,taken,registry,200
gardenworks.com,taken,registry,200
river.com,taken,registry,200
riverus.com,taken,registry,200
rivera.com,taken,registry,200
rivero.com,taken,registry,200
riverum.com,taken,registry,200
riveris.com,taken,registry,200
riveral.com,taken,registry,200
imriver.com,taken,registry,200
imriveris.com,available,registry,404
ryver.com,taken,registry,200
ryvere.com,taken,registry,200
riverora.com,taken,registry,200
riverion.com,taken,registry,200
riverelle.com,taken,registry,200
riverara.com,taken,registry,200
riveria.com,taken,registry,200
rivereve.com,available,registry,404
riverova.com,taken,registry,200
riveren.com,taken,registry,200
riverex.com,taken,registry,200
riverax.com,taken,registry,200
riveryn.com,taken,registry,200
riverea.com,taken,registry,200
riverel.com,taken,registry,200
getriver.com,taken,registry,200
tryriver.com,taken,registry,200
useriver.com,taken,registry,200
goriver.com,taken,registry,200
heyriver.com,taken,registry,200
runriver.com,taken,registry,200
riverhq.com,taken,registry,200
riverlab.com,taken,registry,200
riverlabs.com,taken,registry,200
riverapp.com,taken,registry,200
riverkit.com,taken,registry,200
riverrun.com,taken,registry,200
riveros.com,taken,registry,200
riverworks.com,taken,registry,200
light.com,taken,registry,200
lght.com,taken,registry,200
lightus.com,taken,registry,200
lighta.com,taken,registry,200
lighto.com,taken,registry,200
lightum.com,taken,registry,200
lightis.com,taken,registry,200
lightal.com,taken,registry,200
imlight.com,taken,registry,200
imlightis.com,available,registry,404
lyght.com,taken,registry,200
lyghte.com,available,registry,404
lightora.com,taken,registry,200
lightion.com,taken,registry,200
lightelle.com,taken,registry,200
lightara.com,taken,registry,200
lightia.com,taken,registry,200
lighteve.com,taken,registry,200
lightova.com,taken,registry,200
lighten.com,taken,registry,200
lightex.com,taken,registry,200
lightax.com,taken,registry,200
lightyn.com,taken,registry,200
lightea.com,taken,registry,200
lightel.com,taken,registry,200
getlight.com,taken,registry,200
trylight.com,taken,registry,200
uselight.com,taken,registry,200
golight.com,taken,registry,200
heylight.com,taken,registry,200
runlight.com,taken,registry,200
lighthq.com,taken,registry,200
lightlab.com,taken,registry,200
lightlabs.com,taken,registry,200
lightapp.com,taken,registry,200
lightkit.com,taken,registry,200
lightrun.com,taken,registry,200
lightos.com,taken,registry,200
lightworks.com,taken,registry,200
plaza.com,taken,registry,200
plazaora.com,available,registry,404
plazaion.com,available,registry,404
plazaelle.com,available,registry,404
plazaara.com,available,registry,404
plazaia.com,taken,registry,200
plazaeve.com,available,registry,404
plazaova.com,available,registry,404
plazaen.com,taken,registry,200
plazaex.com,taken,registry,200
plazaax.com,available,registry,404
plazayn.com,available,registry,404
plazaea.com,available,registry,404
plazael.com,available,registry,404
getplaza.com,taken,registry,200
tryplaza.com,taken,registry,200
useplaza.com,taken,registry,200
goplaza.com,taken,registry,200
heyplaza.com,taken,registry,200
runplaza.com,taken,registry,200
plazahq.com,taken,registry,200
plazalab.com,taken,registry,200
plazalabs.com,taken,registry,200
plazaapp.com,taken,registry,200
plazakit.com,taken,registry,200
plazarun.com,taken,registry,200
plazaos.com,taken,registry,200
plazaworks.com,taken,registry,200
open.com,taken,registry,200
openus.com,taken,registry,200
opena.com,taken,registry,200
openo.com,taken,registry,200
openum.com,taken,registry,200
openis.com,taken,registry,200
openal.com,taken,registry,200
imopen.com,taken,registry,200
imopenis.com,available,registry,404
opesn.com,taken,registry,200
openn.com,taken,registry,200
openora.com,taken,registry,200
openion.com,taken,registry,200
openelle.com,taken,registry,200
openara.com,taken,registry,200
openia.com,taken,registry,200
openeve.com,taken,registry,200
openova.com,taken,registry,200
openen.com,taken,registry,200
openex.com,taken,registry,200
openax.com,taken,registry,200
openyn.com,taken,registry,200
openea.com,taken,registry,200
openel.com,taken,registry,200
getopen.com,taken,registry,200
tryopen.com,taken,registry,200
useopen.com,taken,registry,200
goopen.com,taken,registry,200
heyopen.com,taken,registry,200
runopen.com,taken,registry,200
openhq.com,taken,registry,200
openlab.com,taken,registry,200
openlabs.com,taken,registry,200
openapp.com,taken,registry,200
openkit.com,taken,registry,200
openrun.com,taken,registry,200
openos.com,taken,registry,200
openworks.com,taken,registry,200
frame.com,taken,registry,200
frameora.com,taken,registry,200
frameion.com,taken,registry,200
frameelle.com,available,registry,404
frameara.com,taken,registry,200
frameia.com,taken,registry,200
frameeve.com,available,registry,404
frameova.com,taken,registry,200
frameen.com,available,registry,404
frameex.com,taken,registry,200
frameax.com,taken,registry,200
frameyn.com,available,registry,404
frameea.com,taken,registry,200
frameel.com,available,registry,404
getframe.com,taken,registry,200
tryframe.com,taken,registry,200
useframe.com,taken,registry,200
goframe.com,taken,registry,200
heyframe.com,taken,registry,200
runframe.com,taken,registry,200
framehq.com,taken,registry,200
framelab.com,taken,registry,200
framelabs.com,taken,registry,200
frameapp.com,taken,registry,200
framekit.com,taken,registry,200
framerun.com,taken,registry,200
frameos.com,taken,registry,200
frameworks.com,taken,registry,200
verse.com,taken,registry,200
verseora.com,taken,registry,200
verseion.com,available,registry,404
verseelle.com,available,registry,404
verseara.com,available,registry,404
verseia.com,taken,registry,200
verseeve.com,available,registry,404
verseova.com,available,registry,404
verseen.com,taken,registry,200
verseex.com,taken,registry,200
verseax.com,available,registry,404
verseyn.com,available,registry,404
verseea.com,available,registry,404
verseel.com,taken,registry,200
getverse.com,taken,registry,200
tryverse.com,taken,registry,200
useverse.com,taken,registry,200
goverse.com,taken,registry,200
heyverse.com,taken,registry,200
runverse.com,taken,registry,200
versehq.com,taken,registry,200
verselab.com,taken,registry,200
verselabs.com,taken,registry,200
verseapp.com,taken,registry,200
versekit.com,taken,registry,200
verserun.com,taken,registry,200
verseos.com,taken,registry,200
verseworks.com,taken,registry,200
civic.com,taken,registry,200
civicus.com,taken,registry,200
civica.com,taken,registry,200
civico.com,taken,registry,200
civicum.com,taken,registry,200
civicis.com,taken,registry,200
civical.com,taken,registry,200
imcivic.com,available,registry,404
imcivicis.com,available,registry,404
civicora.com,taken,registry,200
civicion.com,available,registry,404
civicelle.com,available,registry,404
civicara.com,available,registry,404
civicia.com,taken,registry,200
civiceve.com,taken,registry,200
civicova.com,taken,registry,200
civicen.com,available,registry,404
civicex.com,taken,registry,200
civicax.com,available,registry,404
civicyn.com,taken,registry,200
civicea.com,available,registry,404
civicel.com,available,registry,404
getcivic.com,taken,registry,200
trycivic.com,taken,registry,200
usecivic.com,taken,registry,200
gocivic.com,taken,registry,200
heycivic.com,taken,registry,200
runcivic.com,taken,registry,200
civichq.com,taken,registry,200
civiclab.com,taken,registry,200
civiclabs.com,taken,registry,200
civicapp.com,taken,registry,200
civickit.com,taken,registry,200
civicrun.com,taken,registry,200
civicos.com,taken,registry,200
civicworks.com,taken,registry,200
mark.com,taken,registry,200
markus.com,taken,registry,200
marka.com,taken,registry,200
marko.com,taken,registry,200
markum.com,taken,registry,200
markis.com,taken,registry,200
markal.com,taken,registry,200
immark.com,taken,registry,200
immarkis.com,available,registry,404
markk.com,taken,registry,200
markora.com,taken,registry,200
markion.com,taken,registry,200
markelle.com,taken,registry,200
markara.com,taken,registry,200
markia.com,taken,registry,200
markeve.com,taken,registry,200
markova.com,taken,registry,200
marken.com,taken,registry,200
markex.com,taken,registry,200
markax.com,taken,registry,200
markyn.com,taken,registry,200
markea.com,taken,registry,200
markel.com,taken,registry,200
getmark.com,taken,registry,200
trymark.com,taken,registry,200
usemark.com,taken,registry,200
gomark.com,taken,registry,200
heymark.com,taken,registry,200
runmark.com,taken,registry,200
markhq.com,taken,registry,200
marklab.com,taken,registry,200
marklabs.com,taken,registry,200
markapp.com,taken,registry,200
markkit.com,taken,registry,200
markrun.com,taken,registry,200
markos.com,taken,registry,200
markworks.com,taken,registry,200
lore.com,taken,registry,200
loree.com,taken,registry,200
loreora.com,taken,registry,200
loreion.com,taken,registry,200
loreelle.com,available,registry,404
loreara.com,available,registry,404
loreia.com,taken,registry,200
loreeve.com,taken,registry,200
loreova.com,available,registry,404
loreen.com,taken,registry,200
loreex.com,taken,registry,200
loreax.com,taken,registry,200
loreyn.com,taken,registry,200
loreea.com,taken,registry,200
loreel.com,taken,registry,200
getlore.com,taken,registry,200
trylore.com,taken,registry,200
uselore.com,taken,registry,200
golore.com,taken,registry,200
heylore.com,taken,registry,200
runlore.com,taken,registry,200
lorehq.com,taken,registry,200
lorelab.com,taken,registry,200
lorelabs.com,taken,registry,200
loreapp.com,taken,registry,200
lorekit.com,taken,registry,200
lorerun.com,taken,registry,200
loreos.com,taken,registry,200
loreworks.com,unknown,none,
thread.com,taken,registry,200
thrd.com,taken,registry,200
getthread.com,taken,registry,200
trythread.com,taken,registry,200
usethread.com,taken,registry,200
gothread.com,taken,registry,200
heythread.com,taken,registry,200
runthread.com,taken,registry,200
threadhq.com,taken,registry,200
threadlab.com,taken,registry,200
threadlabs.com,taken,registry,200
threadapp.com,taken,registry,200
threadkit.com,taken,registry,200
threadrun.com,taken,registry,200
threados.com,taken,registry,200
threadworks.com,taken,registry,200
source.com,taken,registry,200
getsource.com,taken,registry,200
trysource.com,taken,registry,200
usesource.com,taken,registry,200
gosource.com,taken,registry,200
heysource.com,taken,registry,200
runsource.com,taken,registry,200
sourcehq.com,taken,registry,200
sourcelab.com,taken,registry,200
sourcelabs.com,taken,registry,200
sourceapp.com,taken,registry,200
sourcekit.com,taken,registry,200
sourcerun.com,taken,registry,200
sourceos.com,taken,registry,200
sourceworks.com,taken,registry,200
time.com,taken,registry,200
tyme.com,taken,registry,200
timee.com,taken,registry,200
timeora.com,taken,registry,200
timeion.com,taken,registry,200
timeelle.com,available,registry,404
timeara.com,taken,registry,200
timeia.com,taken,registry,200
timeeve.com,available,registry,404
timeova.com,taken,registry,200
timeen.com,taken,registry,200
timeex.com,unknown,none,
timeax.com,taken,registry,200
timeyn.com,available,registry,404
timeea.com,taken,registry,200
timeel.com,available,registry,404
gettime.com,taken,registry,200
trytime.com,taken,registry,200
usetime.com,taken,registry,200
gotime.com,taken,registry,200
heytime.com,taken,registry,200
runtime.com,taken,registry,200
timehq.com,taken,registry,200
timelab.com,taken,registry,200
timelabs.com,taken,registry,200
timeapp.com,taken,registry,200
timekit.com,taken,registry,200
timerun.com,taken,registry,200
timeos.com,taken,registry,200
timeworks.com,taken,registry,200
