job_id,status,lane,territory,angle,target_domains,result_file,agent_id,started_at,finished_at,error
MUSE-NAME-0001,prepared,unexpected-metaphor,weather,confident,100,results/MUSE-NAME-0001.csv,,,,
MUSE-NAME-0002,prepared,unexpected-metaphor,weather,beautiful,100,results/MUSE-NAME-0002.csv,,,,
MUSE-NAME-0003,prepared,unexpected-metaphor,weather,unconventional,100,results/MUSE-NAME-0003.csv,,,,
MUSE-NAME-0004,prepared,unexpected-metaphor,weather,timeless,100,results/MUSE-NAME-0004.csv,,,,
MUSE-NAME-0005,prepared,unexpected-metaphor,weather,friendly,100,results/MUSE-NAME-0005.csv,,,,
MUSE-NAME-0006,prepared,unexpected-metaphor,weather,editorial,100,results/MUSE-NAME-0006.csv,,,,
MUSE-NAME-0007,prepared,unexpected-metaphor,weather,iconic,100,results/MUSE-NAME-0007.csv,,,,
MUSE-NAME-0008,prepared,unexpected-metaphor,weather,premium,100,results/MUSE-NAME-0008.csv,,,,
MUSE-NAME-0009,prepared,unexpected-metaphor,weather,human,100,results/MUSE-NAME-0009.csv,,,,
MUSE-NAME-0010,prepared,unexpected-metaphor,weather,remarkable,100,results/MUSE-NAME-0010.csv,,,,
MUSE-NAME-0011,prepared,unexpected-metaphor,navigation,confident,100,results/MUSE-NAME-0011.csv,,,,
MUSE-NAME-0012,prepared,unexpected-metaphor,navigation,beautiful,100,results/MUSE-NAME-0012.csv,,,,
MUSE-NAME-0013,prepared,unexpected-metaphor,navigation,unconventional,100,results/MUSE-NAME-0013.csv,,,,
MUSE-NAME-0014,prepared,unexpected-metaphor,navigation,timeless,100,results/MUSE-NAME-0014.csv,,,,
MUSE-NAME-0015,prepared,unexpected-metaphor,navigation,friendly,100,results/MUSE-NAME-0015.csv,,,,
MUSE-NAME-0016,prepared,unexpected-metaphor,navigation,editorial,100,results/MUSE-NAME-0016.csv,,,,
MUSE-NAME-0017,prepared,unexpected-metaphor,navigation,iconic,100,results/MUSE-NAME-0017.csv,,,,
MUSE-NAME-0018,prepared,unexpected-metaphor,navigation,premium,100,results/MUSE-NAME-0018.csv,,,,
MUSE-NAME-0019,prepared,unexpected-metaphor,navigation,human,100,results/MUSE-NAME-0019.csv,,,,
MUSE-NAME-0020,prepared,unexpected-metaphor,navigation,remarkable,100,results/MUSE-NAME-0020.csv,,,,
MUSE-NAME-0021,prepared,unexpected-metaphor,astronomy,confident,100,results/MUSE-NAME-0021.csv,,,,
MUSE-NAME-0022,prepared,unexpected-metaphor,astronomy,beautiful,100,results/MUSE-NAME-0022.csv,,,,
MUSE-NAME-0023,prepared,unexpected-metaphor,astronomy,unconventional,100,results/MUSE-NAME-0023.csv,,,,
MUSE-NAME-0024,prepared,unexpected-metaphor,astronomy,timeless,100,results/MUSE-NAME-0024.csv,,,,
MUSE-NAME-0025,prepared,unexpected-metaphor,astronomy,friendly,100,results/MUSE-NAME-0025.csv,,,,
MUSE-NAME-0026,prepared,unexpected-metaphor,astronomy,editorial,100,results/MUSE-NAME-0026.csv,,,,
MUSE-NAME-0027,prepared,unexpected-metaphor,astronomy,iconic,100,results/MUSE-NAME-0027.csv,,,,
MUSE-NAME-0028,prepared,unexpected-metaphor,astronomy,premium,100,results/MUSE-NAME-0028.csv,,,,
MUSE-NAME-0029,prepared,unexpected-metaphor,astronomy,human,100,results/MUSE-NAME-0029.csv,,,,
MUSE-NAME-0030,prepared,unexpected-metaphor,astronomy,remarkable,100,results/MUSE-NAME-0030.csv,,,,
MUSE-NAME-0031,prepared,unexpected-metaphor,gardens,confident,100,results/MUSE-NAME-0031.csv,,,,
MUSE-NAME-0032,prepared,unexpected-metaphor,gardens,beautiful,100,results/MUSE-NAME-0032.csv,,,,
MUSE-NAME-0033,prepared,unexpected-metaphor,gardens,unconventional,100,results/MUSE-NAME-0033.csv,,,,
MUSE-NAME-0034,prepared,unexpected-metaphor,gardens,timeless,100,results/MUSE-NAME-0034.csv,,,,
MUSE-NAME-0035,prepared,unexpected-metaphor,gardens,friendly,100,results/MUSE-NAME-0035.csv,,,,
MUSE-NAME-0036,prepared,unexpected-metaphor,gardens,editorial,100,results/MUSE-NAME-0036.csv,,,,
MUSE-NAME-0037,prepared,unexpected-metaphor,gardens,iconic,100,results/MUSE-NAME-0037.csv,,,,
MUSE-NAME-0038,prepared,unexpected-metaphor,gardens,premium,100,results/MUSE-NAME-0038.csv,,,,
MUSE-NAME-0039,prepared,unexpected-metaphor,gardens,human,100,results/MUSE-NAME-0039.csv,,,,
MUSE-NAME-0040,prepared,unexpected-metaphor,gardens,remarkable,100,results/MUSE-NAME-0040.csv,,,,
MUSE-NAME-0041,prepared,unexpected-metaphor,architecture,confident,100,results/MUSE-NAME-0041.csv,,,,
MUSE-NAME-0042,prepared,unexpected-metaphor,architecture,beautiful,100,results/MUSE-NAME-0042.csv,,,,
MUSE-NAME-0043,prepared,unexpected-metaphor,architecture,unconventional,100,results/MUSE-NAME-0043.csv,,,,
MUSE-NAME-0044,prepared,unexpected-metaphor,architecture,timeless,100,results/MUSE-NAME-0044.csv,,,,
MUSE-NAME-0045,prepared,unexpected-metaphor,architecture,friendly,100,results/MUSE-NAME-0045.csv,,,,
MUSE-NAME-0046,prepared,unexpected-metaphor,architecture,editorial,100,results/MUSE-NAME-0046.csv,,,,
MUSE-NAME-0047,prepared,unexpected-metaphor,architecture,iconic,100,results/MUSE-NAME-0047.csv,,,,
MUSE-NAME-0048,prepared,unexpected-metaphor,architecture,premium,100,results/MUSE-NAME-0048.csv,,,,
MUSE-NAME-0049,prepared,unexpected-metaphor,architecture,human,100,results/MUSE-NAME-0049.csv,,,,
MUSE-NAME-0050,prepared,unexpected-metaphor,architecture,remarkable,100,results/MUSE-NAME-0050.csv,,,,
MUSE-NAME-0051,prepared,unexpected-metaphor,music,confident,100,results/MUSE-NAME-0051.csv,,,,
MUSE-NAME-0052,prepared,unexpected-metaphor,music,beautiful,100,results/MUSE-NAME-0052.csv,,,,
MUSE-NAME-0053,prepared,unexpected-metaphor,music,unconventional,100,results/MUSE-NAME-0053.csv,,,,
MUSE-NAME-0054,prepared,unexpected-metaphor,music,timeless,100,results/MUSE-NAME-0054.csv,,,,
MUSE-NAME-0055,prepared,unexpected-metaphor,music,friendly,100,results/MUSE-NAME-0055.csv,,,,
MUSE-NAME-0056,prepared,unexpected-metaphor,music,editorial,100,results/MUSE-NAME-0056.csv,,,,
MUSE-NAME-0057,prepared,unexpected-metaphor,music,iconic,100,results/MUSE-NAME-0057.csv,,,,
MUSE-NAME-0058,prepared,unexpected-metaphor,music,premium,100,results/MUSE-NAME-0058.csv,,,,
MUSE-NAME-0059,prepared,unexpected-metaphor,music,human,100,results/MUSE-NAME-0059.csv,,,,
MUSE-NAME-0060,prepared,unexpected-metaphor,music,remarkable,100,results/MUSE-NAME-0060.csv,,,,
MUSE-NAME-0061,prepared,unexpected-metaphor,photography,confident,100,results/MUSE-NAME-0061.csv,,,,
MUSE-NAME-0062,prepared,unexpected-metaphor,photography,beautiful,100,results/MUSE-NAME-0062.csv,,,,
MUSE-NAME-0063,prepared,unexpected-metaphor,photography,unconventional,100,results/MUSE-NAME-0063.csv,,,,
MUSE-NAME-0064,prepared,unexpected-metaphor,photography,timeless,100,results/MUSE-NAME-0064.csv,,,,
MUSE-NAME-0065,prepared,unexpected-metaphor,photography,friendly,100,results/MUSE-NAME-0065.csv,,,,
MUSE-NAME-0066,prepared,unexpected-metaphor,photography,editorial,100,results/MUSE-NAME-0066.csv,,,,
MUSE-NAME-0067,prepared,unexpected-metaphor,photography,iconic,100,results/MUSE-NAME-0067.csv,,,,
MUSE-NAME-0068,prepared,unexpected-metaphor,photography,premium,100,results/MUSE-NAME-0068.csv,,,,
MUSE-NAME-0069,prepared,unexpected-metaphor,photography,human,100,results/MUSE-NAME-0069.csv,,,,
MUSE-NAME-0070,prepared,unexpected-metaphor,photography,remarkable,100,results/MUSE-NAME-0070.csv,,,,
MUSE-NAME-0071,prepared,unexpected-metaphor,ecology,confident,100,results/MUSE-NAME-0071.csv,,,,
MUSE-NAME-0072,prepared,unexpected-metaphor,ecology,beautiful,100,results/MUSE-NAME-0072.csv,,,,
MUSE-NAME-0073,prepared,unexpected-metaphor,ecology,unconventional,100,results/MUSE-NAME-0073.csv,,,,
MUSE-NAME-0074,prepared,unexpected-metaphor,ecology,timeless,100,results/MUSE-NAME-0074.csv,,,,
MUSE-NAME-0075,prepared,unexpected-metaphor,ecology,friendly,100,results/MUSE-NAME-0075.csv,,,,
MUSE-NAME-0076,prepared,unexpected-metaphor,ecology,editorial,100,results/MUSE-NAME-0076.csv,,,,
MUSE-NAME-0077,prepared,unexpected-metaphor,ecology,iconic,100,results/MUSE-NAME-0077.csv,,,,
MUSE-NAME-0078,prepared,unexpected-metaphor,ecology,premium,100,results/MUSE-NAME-0078.csv,,,,
MUSE-NAME-0079,prepared,unexpected-metaphor,ecology,human,100,results/MUSE-NAME-0079.csv,,,,
MUSE-NAME-0080,prepared,unexpected-metaphor,ecology,remarkable,100,results/MUSE-NAME-0080.csv,,,,
MUSE-NAME-0081,prepared,unexpected-metaphor,cartography,confident,100,results/MUSE-NAME-0081.csv,,,,
MUSE-NAME-0082,prepared,unexpected-metaphor,cartography,beautiful,100,results/MUSE-NAME-0082.csv,,,,
MUSE-NAME-0083,prepared,unexpected-metaphor,cartography,unconventional,100,results/MUSE-NAME-0083.csv,,,,
MUSE-NAME-0084,prepared,unexpected-metaphor,cartography,timeless,100,results/MUSE-NAME-0084.csv,,,,
MUSE-NAME-0085,prepared,unexpected-metaphor,cartography,friendly,100,results/MUSE-NAME-0085.csv,,,,
MUSE-NAME-0086,prepared,unexpected-metaphor,cartography,editorial,100,results/MUSE-NAME-0086.csv,,,,
MUSE-NAME-0087,prepared,unexpected-metaphor,cartography,iconic,100,results/MUSE-NAME-0087.csv,,,,
MUSE-NAME-0088,prepared,unexpected-metaphor,cartography,premium,100,results/MUSE-NAME-0088.csv,,,,
MUSE-NAME-0089,prepared,unexpected-metaphor,cartography,human,100,results/MUSE-NAME-0089.csv,,,,
MUSE-NAME-0090,prepared,unexpected-metaphor,cartography,remarkable,100,results/MUSE-NAME-0090.csv,,,,
MUSE-NAME-0091,prepared,unexpected-metaphor,materials,confident,100,results/MUSE-NAME-0091.csv,,,,
MUSE-NAME-0092,prepared,unexpected-metaphor,materials,beautiful,100,results/MUSE-NAME-0092.csv,,,,
MUSE-NAME-0093,prepared,unexpected-metaphor,materials,unconventional,100,results/MUSE-NAME-0093.csv,,,,
MUSE-NAME-0094,prepared,unexpected-metaphor,materials,timeless,100,results/MUSE-NAME-0094.csv,,,,
MUSE-NAME-0095,prepared,unexpected-metaphor,materials,friendly,100,results/MUSE-NAME-0095.csv,,,,
MUSE-NAME-0096,prepared,unexpected-metaphor,materials,editorial,100,results/MUSE-NAME-0096.csv,,,,
MUSE-NAME-0097,prepared,unexpected-metaphor,materials,iconic,100,results/MUSE-NAME-0097.csv,,,,
MUSE-NAME-0098,prepared,unexpected-metaphor,materials,premium,100,results/MUSE-NAME-0098.csv,,,,
MUSE-NAME-0099,prepared,unexpected-metaphor,materials,human,100,results/MUSE-NAME-0099.csv,,,,
MUSE-NAME-0100,prepared,unexpected-metaphor,materials,remarkable,100,results/MUSE-NAME-0100.csv,,,,
MUSE-NAME-0101,prepared,publishing-culture,literary culture,confident,100,results/MUSE-NAME-0101.csv,,,,
MUSE-NAME-0102,prepared,publishing-culture,literary culture,beautiful,100,results/MUSE-NAME-0102.csv,,,,
MUSE-NAME-0103,prepared,publishing-culture,literary culture,unconventional,100,results/MUSE-NAME-0103.csv,,,,
MUSE-NAME-0104,prepared,publishing-culture,literary culture,timeless,100,results/MUSE-NAME-0104.csv,,,,
MUSE-NAME-0105,prepared,publishing-culture,literary culture,friendly,100,results/MUSE-NAME-0105.csv,,,,
MUSE-NAME-0106,prepared,publishing-culture,literary culture,editorial,100,results/MUSE-NAME-0106.csv,,,,
MUSE-NAME-0107,prepared,publishing-culture,literary culture,iconic,100,results/MUSE-NAME-0107.csv,,,,
MUSE-NAME-0108,prepared,publishing-culture,literary culture,premium,100,results/MUSE-NAME-0108.csv,,,,
MUSE-NAME-0109,prepared,publishing-culture,literary culture,human,100,results/MUSE-NAME-0109.csv,,,,
MUSE-NAME-0110,prepared,publishing-culture,literary culture,remarkable,100,results/MUSE-NAME-0110.csv,,,,
MUSE-NAME-0111,prepared,publishing-culture,indie media,confident,100,results/MUSE-NAME-0111.csv,,,,
MUSE-NAME-0112,prepared,publishing-culture,indie media,beautiful,100,results/MUSE-NAME-0112.csv,,,,
MUSE-NAME-0113,prepared,publishing-culture,indie media,unconventional,100,results/MUSE-NAME-0113.csv,,,,
MUSE-NAME-0114,prepared,publishing-culture,indie media,timeless,100,results/MUSE-NAME-0114.csv,,,,
MUSE-NAME-0115,prepared,publishing-culture,indie media,friendly,100,results/MUSE-NAME-0115.csv,,,,
MUSE-NAME-0116,prepared,publishing-culture,indie media,editorial,100,results/MUSE-NAME-0116.csv,,,,
MUSE-NAME-0117,prepared,publishing-culture,indie media,iconic,100,results/MUSE-NAME-0117.csv,,,,
MUSE-NAME-0118,prepared,publishing-culture,indie media,premium,100,results/MUSE-NAME-0118.csv,,,,
MUSE-NAME-0119,prepared,publishing-culture,indie media,human,100,results/MUSE-NAME-0119.csv,,,,
MUSE-NAME-0120,prepared,publishing-culture,indie media,remarkable,100,results/MUSE-NAME-0120.csv,,,,
MUSE-NAME-0121,prepared,publishing-culture,journalism,confident,100,results/MUSE-NAME-0121.csv,,,,
MUSE-NAME-0122,prepared,publishing-culture,journalism,beautiful,100,results/MUSE-NAME-0122.csv,,,,
MUSE-NAME-0123,prepared,publishing-culture,journalism,unconventional,100,results/MUSE-NAME-0123.csv,,,,
MUSE-NAME-0124,prepared,publishing-culture,journalism,timeless,100,results/MUSE-NAME-0124.csv,,,,
MUSE-NAME-0125,prepared,publishing-culture,journalism,friendly,100,results/MUSE-NAME-0125.csv,,,,
MUSE-NAME-0126,prepared,publishing-culture,journalism,editorial,100,results/MUSE-NAME-0126.csv,,,,
MUSE-NAME-0127,prepared,publishing-culture,journalism,iconic,100,results/MUSE-NAME-0127.csv,,,,
MUSE-NAME-0128,prepared,publishing-culture,journalism,premium,100,results/MUSE-NAME-0128.csv,,,,
MUSE-NAME-0129,prepared,publishing-culture,journalism,human,100,results/MUSE-NAME-0129.csv,,,,
MUSE-NAME-0130,prepared,publishing-culture,journalism,remarkable,100,results/MUSE-NAME-0130.csv,,,,
MUSE-NAME-0131,prepared,publishing-culture,readers,confident,100,results/MUSE-NAME-0131.csv,,,,
MUSE-NAME-0132,prepared,publishing-culture,readers,beautiful,100,results/MUSE-NAME-0132.csv,,,,
MUSE-NAME-0133,prepared,publishing-culture,readers,unconventional,100,results/MUSE-NAME-0133.csv,,,,
MUSE-NAME-0134,prepared,publishing-culture,readers,timeless,100,results/MUSE-NAME-0134.csv,,,,
MUSE-NAME-0135,prepared,publishing-culture,readers,friendly,100,results/MUSE-NAME-0135.csv,,,,
MUSE-NAME-0136,prepared,publishing-culture,readers,editorial,100,results/MUSE-NAME-0136.csv,,,,
MUSE-NAME-0137,prepared,publishing-culture,readers,iconic,100,results/MUSE-NAME-0137.csv,,,,
MUSE-NAME-0138,prepared,publishing-culture,readers,premium,100,results/MUSE-NAME-0138.csv,,,,
MUSE-NAME-0139,prepared,publishing-culture,readers,human,100,results/MUSE-NAME-0139.csv,,,,
MUSE-NAME-0140,prepared,publishing-culture,readers,remarkable,100,results/MUSE-NAME-0140.csv,,,,
MUSE-NAME-0141,prepared,publishing-culture,subscription communities,confident,100,results/MUSE-NAME-0141.csv,,,,
MUSE-NAME-0142,prepared,publishing-culture,subscription communities,beautiful,100,results/MUSE-NAME-0142.csv,,,,
MUSE-NAME-0143,prepared,publishing-culture,subscription communities,unconventional,100,results/MUSE-NAME-0143.csv,,,,
MUSE-NAME-0144,prepared,publishing-culture,subscription communities,timeless,100,results/MUSE-NAME-0144.csv,,,,
MUSE-NAME-0145,prepared,publishing-culture,subscription communities,friendly,100,results/MUSE-NAME-0145.csv,,,,
MUSE-NAME-0146,prepared,publishing-culture,subscription communities,editorial,100,results/MUSE-NAME-0146.csv,,,,
MUSE-NAME-0147,prepared,publishing-culture,subscription communities,iconic,100,results/MUSE-NAME-0147.csv,,,,
MUSE-NAME-0148,prepared,publishing-culture,subscription communities,premium,100,results/MUSE-NAME-0148.csv,,,,
MUSE-NAME-0149,prepared,publishing-culture,subscription communities,human,100,results/MUSE-NAME-0149.csv,,,,
MUSE-NAME-0150,prepared,publishing-culture,subscription communities,remarkable,100,results/MUSE-NAME-0150.csv,,,,
MUSE-NAME-0151,prepared,publishing-culture,public debate,confident,100,results/MUSE-NAME-0151.csv,,,,
MUSE-NAME-0152,prepared,publishing-culture,public debate,beautiful,100,results/MUSE-NAME-0152.csv,,,,
MUSE-NAME-0153,prepared,publishing-culture,public debate,unconventional,100,results/MUSE-NAME-0153.csv,,,,
MUSE-NAME-0154,prepared,publishing-culture,public debate,timeless,100,results/MUSE-NAME-0154.csv,,,,
MUSE-NAME-0155,prepared,publishing-culture,public debate,friendly,100,results/MUSE-NAME-0155.csv,,,,
MUSE-NAME-0156,prepared,publishing-culture,public debate,editorial,100,results/MUSE-NAME-0156.csv,,,,
MUSE-NAME-0157,prepared,publishing-culture,public debate,iconic,100,results/MUSE-NAME-0157.csv,,,,
MUSE-NAME-0158,prepared,publishing-culture,public debate,premium,100,results/MUSE-NAME-0158.csv,,,,
MUSE-NAME-0159,prepared,publishing-culture,public debate,human,100,results/MUSE-NAME-0159.csv,,,,
MUSE-NAME-0160,prepared,publishing-culture,public debate,remarkable,100,results/MUSE-NAME-0160.csv,,,,
MUSE-NAME-0161,prepared,publishing-culture,ideas,confident,100,results/MUSE-NAME-0161.csv,,,,
MUSE-NAME-0162,prepared,publishing-culture,ideas,beautiful,100,results/MUSE-NAME-0162.csv,,,,
MUSE-NAME-0163,prepared,publishing-culture,ideas,unconventional,100,results/MUSE-NAME-0163.csv,,,,
MUSE-NAME-0164,prepared,publishing-culture,ideas,timeless,100,results/MUSE-NAME-0164.csv,,,,
MUSE-NAME-0165,prepared,publishing-culture,ideas,friendly,100,results/MUSE-NAME-0165.csv,,,,
MUSE-NAME-0166,prepared,publishing-culture,ideas,editorial,100,results/MUSE-NAME-0166.csv,,,,
MUSE-NAME-0167,prepared,publishing-culture,ideas,iconic,100,results/MUSE-NAME-0167.csv,,,,
MUSE-NAME-0168,prepared,publishing-culture,ideas,premium,100,results/MUSE-NAME-0168.csv,,,,
MUSE-NAME-0169,prepared,publishing-culture,ideas,human,100,results/MUSE-NAME-0169.csv,,,,
MUSE-NAME-0170,prepared,publishing-culture,ideas,remarkable,100,results/MUSE-NAME-0170.csv,,,,
MUSE-NAME-0171,prepared,publishing-culture,essays,confident,100,results/MUSE-NAME-0171.csv,,,,
MUSE-NAME-0172,prepared,publishing-culture,essays,beautiful,100,results/MUSE-NAME-0172.csv,,,,
MUSE-NAME-0173,prepared,publishing-culture,essays,unconventional,100,results/MUSE-NAME-0173.csv,,,,
MUSE-NAME-0174,prepared,publishing-culture,essays,timeless,100,results/MUSE-NAME-0174.csv,,,,
MUSE-NAME-0175,prepared,publishing-culture,essays,friendly,100,results/MUSE-NAME-0175.csv,,,,
MUSE-NAME-0176,prepared,publishing-culture,essays,editorial,100,results/MUSE-NAME-0176.csv,,,,
MUSE-NAME-0177,prepared,publishing-culture,essays,iconic,100,results/MUSE-NAME-0177.csv,,,,
MUSE-NAME-0178,prepared,publishing-culture,essays,premium,100,results/MUSE-NAME-0178.csv,,,,
MUSE-NAME-0179,prepared,publishing-culture,essays,human,100,results/MUSE-NAME-0179.csv,,,,
MUSE-NAME-0180,prepared,publishing-culture,essays,remarkable,100,results/MUSE-NAME-0180.csv,,,,
MUSE-NAME-0181,prepared,publishing-culture,authorship,confident,100,results/MUSE-NAME-0181.csv,,,,
MUSE-NAME-0182,prepared,publishing-culture,authorship,beautiful,100,results/MUSE-NAME-0182.csv,,,,
MUSE-NAME-0183,prepared,publishing-culture,authorship,unconventional,100,results/MUSE-NAME-0183.csv,,,,
MUSE-NAME-0184,prepared,publishing-culture,authorship,timeless,100,results/MUSE-NAME-0184.csv,,,,
MUSE-NAME-0185,prepared,publishing-culture,authorship,friendly,100,results/MUSE-NAME-0185.csv,,,,
MUSE-NAME-0186,prepared,publishing-culture,authorship,editorial,100,results/MUSE-NAME-0186.csv,,,,
MUSE-NAME-0187,prepared,publishing-culture,authorship,iconic,100,results/MUSE-NAME-0187.csv,,,,
MUSE-NAME-0188,prepared,publishing-culture,authorship,premium,100,results/MUSE-NAME-0188.csv,,,,
MUSE-NAME-0189,prepared,publishing-culture,authorship,human,100,results/MUSE-NAME-0189.csv,,,,
MUSE-NAME-0190,prepared,publishing-culture,authorship,remarkable,100,results/MUSE-NAME-0190.csv,,,,
MUSE-NAME-0191,prepared,publishing-culture,culture,confident,100,results/MUSE-NAME-0191.csv,,,,
MUSE-NAME-0192,prepared,publishing-culture,culture,beautiful,100,results/MUSE-NAME-0192.csv,,,,
MUSE-NAME-0193,prepared,publishing-culture,culture,unconventional,100,results/MUSE-NAME-0193.csv,,,,
MUSE-NAME-0194,prepared,publishing-culture,culture,timeless,100,results/MUSE-NAME-0194.csv,,,,
MUSE-NAME-0195,prepared,publishing-culture,culture,friendly,100,results/MUSE-NAME-0195.csv,,,,
MUSE-NAME-0196,prepared,publishing-culture,culture,editorial,100,results/MUSE-NAME-0196.csv,,,,
MUSE-NAME-0197,prepared,publishing-culture,culture,iconic,100,results/MUSE-NAME-0197.csv,,,,
MUSE-NAME-0198,prepared,publishing-culture,culture,premium,100,results/MUSE-NAME-0198.csv,,,,
MUSE-NAME-0199,prepared,publishing-culture,culture,human,100,results/MUSE-NAME-0199.csv,,,,
MUSE-NAME-0200,prepared,publishing-culture,culture,remarkable,100,results/MUSE-NAME-0200.csv,,,,
MUSE-NAME-0201,prepared,ordinary-words,verbs,confident,100,results/MUSE-NAME-0201.csv,,,,
MUSE-NAME-0202,prepared,ordinary-words,verbs,beautiful,100,results/MUSE-NAME-0202.csv,,,,
MUSE-NAME-0203,prepared,ordinary-words,verbs,unconventional,100,results/MUSE-NAME-0203.csv,,,,
MUSE-NAME-0204,prepared,ordinary-words,verbs,timeless,100,results/MUSE-NAME-0204.csv,,,,
MUSE-NAME-0205,prepared,ordinary-words,verbs,friendly,100,results/MUSE-NAME-0205.csv,,,,
MUSE-NAME-0206,prepared,ordinary-words,verbs,editorial,100,results/MUSE-NAME-0206.csv,,,,
MUSE-NAME-0207,prepared,ordinary-words,verbs,iconic,100,results/MUSE-NAME-0207.csv,,,,
MUSE-NAME-0208,prepared,ordinary-words,verbs,premium,100,results/MUSE-NAME-0208.csv,,,,
MUSE-NAME-0209,prepared,ordinary-words,verbs,human,100,results/MUSE-NAME-0209.csv,,,,
MUSE-NAME-0210,prepared,ordinary-words,verbs,remarkable,100,results/MUSE-NAME-0210.csv,,,,
MUSE-NAME-0211,prepared,ordinary-words,nouns,confident,100,results/MUSE-NAME-0211.csv,,,,
MUSE-NAME-0212,prepared,ordinary-words,nouns,beautiful,100,results/MUSE-NAME-0212.csv,,,,
MUSE-NAME-0213,prepared,ordinary-words,nouns,unconventional,100,results/MUSE-NAME-0213.csv,,,,
MUSE-NAME-0214,prepared,ordinary-words,nouns,timeless,100,results/MUSE-NAME-0214.csv,,,,
MUSE-NAME-0215,prepared,ordinary-words,nouns,friendly,100,results/MUSE-NAME-0215.csv,,,,
MUSE-NAME-0216,prepared,ordinary-words,nouns,editorial,100,results/MUSE-NAME-0216.csv,,,,
MUSE-NAME-0217,prepared,ordinary-words,nouns,iconic,100,results/MUSE-NAME-0217.csv,,,,
MUSE-NAME-0218,prepared,ordinary-words,nouns,premium,100,results/MUSE-NAME-0218.csv,,,,
MUSE-NAME-0219,prepared,ordinary-words,nouns,human,100,results/MUSE-NAME-0219.csv,,,,
MUSE-NAME-0220,prepared,ordinary-words,nouns,remarkable,100,results/MUSE-NAME-0220.csv,,,,
MUSE-NAME-0221,prepared,ordinary-words,adjectives,confident,100,results/MUSE-NAME-0221.csv,,,,
MUSE-NAME-0222,prepared,ordinary-words,adjectives,beautiful,100,results/MUSE-NAME-0222.csv,,,,
MUSE-NAME-0223,prepared,ordinary-words,adjectives,unconventional,100,results/MUSE-NAME-0223.csv,,,,
MUSE-NAME-0224,prepared,ordinary-words,adjectives,timeless,100,results/MUSE-NAME-0224.csv,,,,
MUSE-NAME-0225,prepared,ordinary-words,adjectives,friendly,100,results/MUSE-NAME-0225.csv,,,,
MUSE-NAME-0226,prepared,ordinary-words,adjectives,editorial,100,results/MUSE-NAME-0226.csv,,,,
MUSE-NAME-0227,prepared,ordinary-words,adjectives,iconic,100,results/MUSE-NAME-0227.csv,,,,
MUSE-NAME-0228,prepared,ordinary-words,adjectives,premium,100,results/MUSE-NAME-0228.csv,,,,
MUSE-NAME-0229,prepared,ordinary-words,adjectives,human,100,results/MUSE-NAME-0229.csv,,,,
MUSE-NAME-0230,prepared,ordinary-words,adjectives,remarkable,100,results/MUSE-NAME-0230.csv,,,,
MUSE-NAME-0231,prepared,ordinary-words,colors,confident,100,results/MUSE-NAME-0231.csv,,,,
MUSE-NAME-0232,prepared,ordinary-words,colors,beautiful,100,results/MUSE-NAME-0232.csv,,,,
MUSE-NAME-0233,prepared,ordinary-words,colors,unconventional,100,results/MUSE-NAME-0233.csv,,,,
MUSE-NAME-0234,prepared,ordinary-words,colors,timeless,100,results/MUSE-NAME-0234.csv,,,,
MUSE-NAME-0235,prepared,ordinary-words,colors,friendly,100,results/MUSE-NAME-0235.csv,,,,
MUSE-NAME-0236,prepared,ordinary-words,colors,editorial,100,results/MUSE-NAME-0236.csv,,,,
MUSE-NAME-0237,prepared,ordinary-words,colors,iconic,100,results/MUSE-NAME-0237.csv,,,,
MUSE-NAME-0238,prepared,ordinary-words,colors,premium,100,results/MUSE-NAME-0238.csv,,,,
MUSE-NAME-0239,prepared,ordinary-words,colors,human,100,results/MUSE-NAME-0239.csv,,,,
MUSE-NAME-0240,prepared,ordinary-words,colors,remarkable,100,results/MUSE-NAME-0240.csv,,,,
MUSE-NAME-0241,prepared,ordinary-words,motion,confident,100,results/MUSE-NAME-0241.csv,,,,
MUSE-NAME-0242,prepared,ordinary-words,motion,beautiful,100,results/MUSE-NAME-0242.csv,,,,
MUSE-NAME-0243,prepared,ordinary-words,motion,unconventional,100,results/MUSE-NAME-0243.csv,,,,
MUSE-NAME-0244,prepared,ordinary-words,motion,timeless,100,results/MUSE-NAME-0244.csv,,,,
MUSE-NAME-0245,prepared,ordinary-words,motion,friendly,100,results/MUSE-NAME-0245.csv,,,,
MUSE-NAME-0246,prepared,ordinary-words,motion,editorial,100,results/MUSE-NAME-0246.csv,,,,
MUSE-NAME-0247,prepared,ordinary-words,motion,iconic,100,results/MUSE-NAME-0247.csv,,,,
MUSE-NAME-0248,prepared,ordinary-words,motion,premium,100,results/MUSE-NAME-0248.csv,,,,
MUSE-NAME-0249,prepared,ordinary-words,motion,human,100,results/MUSE-NAME-0249.csv,,,,
MUSE-NAME-0250,prepared,ordinary-words,motion,remarkable,100,results/MUSE-NAME-0250.csv,,,,
MUSE-NAME-0251,prepared,ordinary-words,sensations,confident,100,results/MUSE-NAME-0251.csv,,,,
MUSE-NAME-0252,prepared,ordinary-words,sensations,beautiful,100,results/MUSE-NAME-0252.csv,,,,
MUSE-NAME-0253,prepared,ordinary-words,sensations,unconventional,100,results/MUSE-NAME-0253.csv,,,,
MUSE-NAME-0254,prepared,ordinary-words,sensations,timeless,100,results/MUSE-NAME-0254.csv,,,,
MUSE-NAME-0255,prepared,ordinary-words,sensations,friendly,100,results/MUSE-NAME-0255.csv,,,,
MUSE-NAME-0256,prepared,ordinary-words,sensations,editorial,100,results/MUSE-NAME-0256.csv,,,,
MUSE-NAME-0257,prepared,ordinary-words,sensations,iconic,100,results/MUSE-NAME-0257.csv,,,,
MUSE-NAME-0258,prepared,ordinary-words,sensations,premium,100,results/MUSE-NAME-0258.csv,,,,
MUSE-NAME-0259,prepared,ordinary-words,sensations,human,100,results/MUSE-NAME-0259.csv,,,,
MUSE-NAME-0260,prepared,ordinary-words,sensations,remarkable,100,results/MUSE-NAME-0260.csv,,,,
MUSE-NAME-0261,prepared,ordinary-words,instruments,confident,100,results/MUSE-NAME-0261.csv,,,,
MUSE-NAME-0262,prepared,ordinary-words,instruments,beautiful,100,results/MUSE-NAME-0262.csv,,,,
MUSE-NAME-0263,prepared,ordinary-words,instruments,unconventional,100,results/MUSE-NAME-0263.csv,,,,
MUSE-NAME-0264,prepared,ordinary-words,instruments,timeless,100,results/MUSE-NAME-0264.csv,,,,
MUSE-NAME-0265,prepared,ordinary-words,instruments,friendly,100,results/MUSE-NAME-0265.csv,,,,
MUSE-NAME-0266,prepared,ordinary-words,instruments,editorial,100,results/MUSE-NAME-0266.csv,,,,
MUSE-NAME-0267,prepared,ordinary-words,instruments,iconic,100,results/MUSE-NAME-0267.csv,,,,
MUSE-NAME-0268,prepared,ordinary-words,instruments,premium,100,results/MUSE-NAME-0268.csv,,,,
MUSE-NAME-0269,prepared,ordinary-words,instruments,human,100,results/MUSE-NAME-0269.csv,,,,
MUSE-NAME-0270,prepared,ordinary-words,instruments,remarkable,100,results/MUSE-NAME-0270.csv,,,,
MUSE-NAME-0271,prepared,ordinary-words,places,confident,100,results/MUSE-NAME-0271.csv,,,,
MUSE-NAME-0272,prepared,ordinary-words,places,beautiful,100,results/MUSE-NAME-0272.csv,,,,
MUSE-NAME-0273,prepared,ordinary-words,places,unconventional,100,results/MUSE-NAME-0273.csv,,,,
MUSE-NAME-0274,prepared,ordinary-words,places,timeless,100,results/MUSE-NAME-0274.csv,,,,
MUSE-NAME-0275,prepared,ordinary-words,places,friendly,100,results/MUSE-NAME-0275.csv,,,,
MUSE-NAME-0276,prepared,ordinary-words,places,editorial,100,results/MUSE-NAME-0276.csv,,,,
MUSE-NAME-0277,prepared,ordinary-words,places,iconic,100,results/MUSE-NAME-0277.csv,,,,
MUSE-NAME-0278,prepared,ordinary-words,places,premium,100,results/MUSE-NAME-0278.csv,,,,
MUSE-NAME-0279,prepared,ordinary-words,places,human,100,results/MUSE-NAME-0279.csv,,,,
MUSE-NAME-0280,prepared,ordinary-words,places,remarkable,100,results/MUSE-NAME-0280.csv,,,,
MUSE-NAME-0281,prepared,ordinary-words,objects,confident,100,results/MUSE-NAME-0281.csv,,,,
MUSE-NAME-0282,prepared,ordinary-words,objects,beautiful,100,results/MUSE-NAME-0282.csv,,,,
MUSE-NAME-0283,prepared,ordinary-words,objects,unconventional,100,results/MUSE-NAME-0283.csv,,,,
MUSE-NAME-0284,prepared,ordinary-words,objects,timeless,100,results/MUSE-NAME-0284.csv,,,,
MUSE-NAME-0285,prepared,ordinary-words,objects,friendly,100,results/MUSE-NAME-0285.csv,,,,
MUSE-NAME-0286,prepared,ordinary-words,objects,editorial,100,results/MUSE-NAME-0286.csv,,,,
MUSE-NAME-0287,prepared,ordinary-words,objects,iconic,100,results/MUSE-NAME-0287.csv,,,,
MUSE-NAME-0288,prepared,ordinary-words,objects,premium,100,results/MUSE-NAME-0288.csv,,,,
MUSE-NAME-0289,prepared,ordinary-words,objects,human,100,results/MUSE-NAME-0289.csv,,,,
MUSE-NAME-0290,prepared,ordinary-words,objects,remarkable,100,results/MUSE-NAME-0290.csv,,,,
MUSE-NAME-0291,prepared,ordinary-words,shapes,confident,100,results/MUSE-NAME-0291.csv,,,,
MUSE-NAME-0292,prepared,ordinary-words,shapes,beautiful,100,results/MUSE-NAME-0292.csv,,,,
MUSE-NAME-0293,prepared,ordinary-words,shapes,unconventional,100,results/MUSE-NAME-0293.csv,,,,
MUSE-NAME-0294,prepared,ordinary-words,shapes,timeless,100,results/MUSE-NAME-0294.csv,,,,
MUSE-NAME-0295,prepared,ordinary-words,shapes,friendly,100,results/MUSE-NAME-0295.csv,,,,
MUSE-NAME-0296,prepared,ordinary-words,shapes,editorial,100,results/MUSE-NAME-0296.csv,,,,
MUSE-NAME-0297,prepared,ordinary-words,shapes,iconic,100,results/MUSE-NAME-0297.csv,,,,
MUSE-NAME-0298,prepared,ordinary-words,shapes,premium,100,results/MUSE-NAME-0298.csv,,,,
MUSE-NAME-0299,prepared,ordinary-words,shapes,human,100,results/MUSE-NAME-0299.csv,,,,
MUSE-NAME-0300,prepared,ordinary-words,shapes,remarkable,100,results/MUSE-NAME-0300.csv,,,,
MUSE-NAME-0301,prepared,invented-brands,crisp,confident,100,results/MUSE-NAME-0301.csv,,,,
MUSE-NAME-0302,prepared,invented-brands,crisp,beautiful,100,results/MUSE-NAME-0302.csv,,,,
MUSE-NAME-0303,prepared,invented-brands,crisp,unconventional,100,results/MUSE-NAME-0303.csv,,,,
MUSE-NAME-0304,prepared,invented-brands,crisp,timeless,100,results/MUSE-NAME-0304.csv,,,,
MUSE-NAME-0305,prepared,invented-brands,crisp,friendly,100,results/MUSE-NAME-0305.csv,,,,
MUSE-NAME-0306,prepared,invented-brands,crisp,editorial,100,results/MUSE-NAME-0306.csv,,,,
MUSE-NAME-0307,prepared,invented-brands,crisp,iconic,100,results/MUSE-NAME-0307.csv,,,,
MUSE-NAME-0308,prepared,invented-brands,crisp,premium,100,results/MUSE-NAME-0308.csv,,,,
MUSE-NAME-0309,prepared,invented-brands,crisp,human,100,results/MUSE-NAME-0309.csv,,,,
MUSE-NAME-0310,prepared,invented-brands,crisp,remarkable,100,results/MUSE-NAME-0310.csv,,,,
MUSE-NAME-0311,prepared,invented-brands,warm,confident,100,results/MUSE-NAME-0311.csv,,,,
MUSE-NAME-0312,prepared,invented-brands,warm,beautiful,100,results/MUSE-NAME-0312.csv,,,,
MUSE-NAME-0313,prepared,invented-brands,warm,unconventional,100,results/MUSE-NAME-0313.csv,,,,
MUSE-NAME-0314,prepared,invented-brands,warm,timeless,100,results/MUSE-NAME-0314.csv,,,,
MUSE-NAME-0315,prepared,invented-brands,warm,friendly,100,results/MUSE-NAME-0315.csv,,,,
MUSE-NAME-0316,prepared,invented-brands,warm,editorial,100,results/MUSE-NAME-0316.csv,,,,
MUSE-NAME-0317,prepared,invented-brands,warm,iconic,100,results/MUSE-NAME-0317.csv,,,,
MUSE-NAME-0318,prepared,invented-brands,warm,premium,100,results/MUSE-NAME-0318.csv,,,,
MUSE-NAME-0319,prepared,invented-brands,warm,human,100,results/MUSE-NAME-0319.csv,,,,
MUSE-NAME-0320,prepared,invented-brands,warm,remarkable,100,results/MUSE-NAME-0320.csv,,,,
MUSE-NAME-0321,prepared,invented-brands,quiet,confident,100,results/MUSE-NAME-0321.csv,,,,
MUSE-NAME-0322,prepared,invented-brands,quiet,beautiful,100,results/MUSE-NAME-0322.csv,,,,
MUSE-NAME-0323,prepared,invented-brands,quiet,unconventional,100,results/MUSE-NAME-0323.csv,,,,
MUSE-NAME-0324,prepared,invented-brands,quiet,timeless,100,results/MUSE-NAME-0324.csv,,,,
MUSE-NAME-0325,prepared,invented-brands,quiet,friendly,100,results/MUSE-NAME-0325.csv,,,,
MUSE-NAME-0326,prepared,invented-brands,quiet,editorial,100,results/MUSE-NAME-0326.csv,,,,
MUSE-NAME-0327,prepared,invented-brands,quiet,iconic,100,results/MUSE-NAME-0327.csv,,,,
MUSE-NAME-0328,prepared,invented-brands,quiet,premium,100,results/MUSE-NAME-0328.csv,,,,
MUSE-NAME-0329,prepared,invented-brands,quiet,human,100,results/MUSE-NAME-0329.csv,,,,
MUSE-NAME-0330,prepared,invented-brands,quiet,remarkable,100,results/MUSE-NAME-0330.csv,,,,
MUSE-NAME-0331,prepared,invented-brands,energetic,confident,100,results/MUSE-NAME-0331.csv,,,,
MUSE-NAME-0332,prepared,invented-brands,energetic,beautiful,100,results/MUSE-NAME-0332.csv,,,,
MUSE-NAME-0333,prepared,invented-brands,energetic,unconventional,100,results/MUSE-NAME-0333.csv,,,,
MUSE-NAME-0334,prepared,invented-brands,energetic,timeless,100,results/MUSE-NAME-0334.csv,,,,
MUSE-NAME-0335,prepared,invented-brands,energetic,friendly,100,results/MUSE-NAME-0335.csv,,,,
MUSE-NAME-0336,prepared,invented-brands,energetic,editorial,100,results/MUSE-NAME-0336.csv,,,,
MUSE-NAME-0337,prepared,invented-brands,energetic,iconic,100,results/MUSE-NAME-0337.csv,,,,
MUSE-NAME-0338,prepared,invented-brands,energetic,premium,100,results/MUSE-NAME-0338.csv,,,,
MUSE-NAME-0339,prepared,invented-brands,energetic,human,100,results/MUSE-NAME-0339.csv,,,,
MUSE-NAME-0340,prepared,invented-brands,energetic,remarkable,100,results/MUSE-NAME-0340.csv,,,,
MUSE-NAME-0341,prepared,invented-brands,refined,confident,100,results/MUSE-NAME-0341.csv,,,,
MUSE-NAME-0342,prepared,invented-brands,refined,beautiful,100,results/MUSE-NAME-0342.csv,,,,
MUSE-NAME-0343,prepared,invented-brands,refined,unconventional,100,results/MUSE-NAME-0343.csv,,,,
MUSE-NAME-0344,prepared,invented-brands,refined,timeless,100,results/MUSE-NAME-0344.csv,,,,
MUSE-NAME-0345,prepared,invented-brands,refined,friendly,100,results/MUSE-NAME-0345.csv,,,,
MUSE-NAME-0346,prepared,invented-brands,refined,editorial,100,results/MUSE-NAME-0346.csv,,,,
MUSE-NAME-0347,prepared,invented-brands,refined,iconic,100,results/MUSE-NAME-0347.csv,,,,
MUSE-NAME-0348,prepared,invented-brands,refined,premium,100,results/MUSE-NAME-0348.csv,,,,
MUSE-NAME-0349,prepared,invented-brands,refined,human,100,results/MUSE-NAME-0349.csv,,,,
MUSE-NAME-0350,prepared,invented-brands,refined,remarkable,100,results/MUSE-NAME-0350.csv,,,,
MUSE-NAME-0351,prepared,invented-brands,simple,confident,100,results/MUSE-NAME-0351.csv,,,,
MUSE-NAME-0352,prepared,invented-brands,simple,beautiful,100,results/MUSE-NAME-0352.csv,,,,
MUSE-NAME-0353,prepared,invented-brands,simple,unconventional,100,results/MUSE-NAME-0353.csv,,,,
MUSE-NAME-0354,prepared,invented-brands,simple,timeless,100,results/MUSE-NAME-0354.csv,,,,
MUSE-NAME-0355,prepared,invented-brands,simple,friendly,100,results/MUSE-NAME-0355.csv,,,,
MUSE-NAME-0356,prepared,invented-brands,simple,editorial,100,results/MUSE-NAME-0356.csv,,,,
MUSE-NAME-0357,prepared,invented-brands,simple,iconic,100,results/MUSE-NAME-0357.csv,,,,
MUSE-NAME-0358,prepared,invented-brands,simple,premium,100,results/MUSE-NAME-0358.csv,,,,
MUSE-NAME-0359,prepared,invented-brands,simple,human,100,results/MUSE-NAME-0359.csv,,,,
MUSE-NAME-0360,prepared,invented-brands,simple,remarkable,100,results/MUSE-NAME-0360.csv,,,,
MUSE-NAME-0361,prepared,invented-brands,classic,confident,100,results/MUSE-NAME-0361.csv,,,,
MUSE-NAME-0362,prepared,invented-brands,classic,beautiful,100,results/MUSE-NAME-0362.csv,,,,
MUSE-NAME-0363,prepared,invented-brands,classic,unconventional,100,results/MUSE-NAME-0363.csv,,,,
MUSE-NAME-0364,prepared,invented-brands,classic,timeless,100,results/MUSE-NAME-0364.csv,,,,
MUSE-NAME-0365,prepared,invented-brands,classic,friendly,100,results/MUSE-NAME-0365.csv,,,,
MUSE-NAME-0366,prepared,invented-brands,classic,editorial,100,results/MUSE-NAME-0366.csv,,,,
MUSE-NAME-0367,prepared,invented-brands,classic,iconic,100,results/MUSE-NAME-0367.csv,,,,
MUSE-NAME-0368,prepared,invented-brands,classic,premium,100,results/MUSE-NAME-0368.csv,,,,
MUSE-NAME-0369,prepared,invented-brands,classic,human,100,results/MUSE-NAME-0369.csv,,,,
MUSE-NAME-0370,prepared,invented-brands,classic,remarkable,100,results/MUSE-NAME-0370.csv,,,,
MUSE-NAME-0371,prepared,invented-brands,international,confident,100,results/MUSE-NAME-0371.csv,,,,
MUSE-NAME-0372,prepared,invented-brands,international,beautiful,100,results/MUSE-NAME-0372.csv,,,,
MUSE-NAME-0373,prepared,invented-brands,international,unconventional,100,results/MUSE-NAME-0373.csv,,,,
MUSE-NAME-0374,prepared,invented-brands,international,timeless,100,results/MUSE-NAME-0374.csv,,,,
MUSE-NAME-0375,prepared,invented-brands,international,friendly,100,results/MUSE-NAME-0375.csv,,,,
MUSE-NAME-0376,prepared,invented-brands,international,editorial,100,results/MUSE-NAME-0376.csv,,,,
MUSE-NAME-0377,prepared,invented-brands,international,iconic,100,results/MUSE-NAME-0377.csv,,,,
MUSE-NAME-0378,prepared,invented-brands,international,premium,100,results/MUSE-NAME-0378.csv,,,,
MUSE-NAME-0379,prepared,invented-brands,international,human,100,results/MUSE-NAME-0379.csv,,,,
MUSE-NAME-0380,prepared,invented-brands,international,remarkable,100,results/MUSE-NAME-0380.csv,,,,
MUSE-NAME-0381,prepared,invented-brands,contemporary,confident,100,results/MUSE-NAME-0381.csv,,,,
MUSE-NAME-0382,prepared,invented-brands,contemporary,beautiful,100,results/MUSE-NAME-0382.csv,,,,
MUSE-NAME-0383,prepared,invented-brands,contemporary,unconventional,100,results/MUSE-NAME-0383.csv,,,,
MUSE-NAME-0384,prepared,invented-brands,contemporary,timeless,100,results/MUSE-NAME-0384.csv,,,,
MUSE-NAME-0385,prepared,invented-brands,contemporary,friendly,100,results/MUSE-NAME-0385.csv,,,,
MUSE-NAME-0386,prepared,invented-brands,contemporary,editorial,100,results/MUSE-NAME-0386.csv,,,,
MUSE-NAME-0387,prepared,invented-brands,contemporary,iconic,100,results/MUSE-NAME-0387.csv,,,,
MUSE-NAME-0388,prepared,invented-brands,contemporary,premium,100,results/MUSE-NAME-0388.csv,,,,
MUSE-NAME-0389,prepared,invented-brands,contemporary,human,100,results/MUSE-NAME-0389.csv,,,,
MUSE-NAME-0390,prepared,invented-brands,contemporary,remarkable,100,results/MUSE-NAME-0390.csv,,,,
MUSE-NAME-0391,prepared,invented-brands,editorial,confident,100,results/MUSE-NAME-0391.csv,,,,
MUSE-NAME-0392,prepared,invented-brands,editorial,beautiful,100,results/MUSE-NAME-0392.csv,,,,
MUSE-NAME-0393,prepared,invented-brands,editorial,unconventional,100,results/MUSE-NAME-0393.csv,,,,
MUSE-NAME-0394,prepared,invented-brands,editorial,timeless,100,results/MUSE-NAME-0394.csv,,,,
MUSE-NAME-0395,prepared,invented-brands,editorial,friendly,100,results/MUSE-NAME-0395.csv,,,,
MUSE-NAME-0396,prepared,invented-brands,editorial,editorial,100,results/MUSE-NAME-0396.csv,,,,
MUSE-NAME-0397,prepared,invented-brands,editorial,iconic,100,results/MUSE-NAME-0397.csv,,,,
MUSE-NAME-0398,prepared,invented-brands,editorial,premium,100,results/MUSE-NAME-0398.csv,,,,
MUSE-NAME-0399,prepared,invented-brands,editorial,human,100,results/MUSE-NAME-0399.csv,,,,
MUSE-NAME-0400,prepared,invented-brands,editorial,remarkable,100,results/MUSE-NAME-0400.csv,,,,
MUSE-NAME-0401,prepared,institutions,libraries,confident,100,results/MUSE-NAME-0401.csv,,,,
MUSE-NAME-0402,prepared,institutions,libraries,beautiful,100,results/MUSE-NAME-0402.csv,,,,
MUSE-NAME-0403,prepared,institutions,libraries,unconventional,100,results/MUSE-NAME-0403.csv,,,,
MUSE-NAME-0404,prepared,institutions,libraries,timeless,100,results/MUSE-NAME-0404.csv,,,,
MUSE-NAME-0405,prepared,institutions,libraries,friendly,100,results/MUSE-NAME-0405.csv,,,,
MUSE-NAME-0406,prepared,institutions,libraries,editorial,100,results/MUSE-NAME-0406.csv,,,,
MUSE-NAME-0407,prepared,institutions,libraries,iconic,100,results/MUSE-NAME-0407.csv,,,,
MUSE-NAME-0408,prepared,institutions,libraries,premium,100,results/MUSE-NAME-0408.csv,,,,
MUSE-NAME-0409,prepared,institutions,libraries,human,100,results/MUSE-NAME-0409.csv,,,,
MUSE-NAME-0410,prepared,institutions,libraries,remarkable,100,results/MUSE-NAME-0410.csv,,,,
MUSE-NAME-0411,prepared,institutions,exchanges,confident,100,results/MUSE-NAME-0411.csv,,,,
MUSE-NAME-0412,prepared,institutions,exchanges,beautiful,100,results/MUSE-NAME-0412.csv,,,,
MUSE-NAME-0413,prepared,institutions,exchanges,unconventional,100,results/MUSE-NAME-0413.csv,,,,
MUSE-NAME-0414,prepared,institutions,exchanges,timeless,100,results/MUSE-NAME-0414.csv,,,,
MUSE-NAME-0415,prepared,institutions,exchanges,friendly,100,results/MUSE-NAME-0415.csv,,,,
MUSE-NAME-0416,prepared,institutions,exchanges,editorial,100,results/MUSE-NAME-0416.csv,,,,
MUSE-NAME-0417,prepared,institutions,exchanges,iconic,100,results/MUSE-NAME-0417.csv,,,,
MUSE-NAME-0418,prepared,institutions,exchanges,premium,100,results/MUSE-NAME-0418.csv,,,,
MUSE-NAME-0419,prepared,institutions,exchanges,human,100,results/MUSE-NAME-0419.csv,,,,
MUSE-NAME-0420,prepared,institutions,exchanges,remarkable,100,results/MUSE-NAME-0420.csv,,,,
MUSE-NAME-0421,prepared,institutions,universities,confident,100,results/MUSE-NAME-0421.csv,,,,
MUSE-NAME-0422,prepared,institutions,universities,beautiful,100,results/MUSE-NAME-0422.csv,,,,
MUSE-NAME-0423,prepared,institutions,universities,unconventional,100,results/MUSE-NAME-0423.csv,,,,
MUSE-NAME-0424,prepared,institutions,universities,timeless,100,results/MUSE-NAME-0424.csv,,,,
MUSE-NAME-0425,prepared,institutions,universities,friendly,100,results/MUSE-NAME-0425.csv,,,,
MUSE-NAME-0426,prepared,institutions,universities,editorial,100,results/MUSE-NAME-0426.csv,,,,
MUSE-NAME-0427,prepared,institutions,universities,iconic,100,results/MUSE-NAME-0427.csv,,,,
MUSE-NAME-0428,prepared,institutions,universities,premium,100,results/MUSE-NAME-0428.csv,,,,
MUSE-NAME-0429,prepared,institutions,universities,human,100,results/MUSE-NAME-0429.csv,,,,
MUSE-NAME-0430,prepared,institutions,universities,remarkable,100,results/MUSE-NAME-0430.csv,,,,
MUSE-NAME-0431,prepared,institutions,museums,confident,100,results/MUSE-NAME-0431.csv,,,,
MUSE-NAME-0432,prepared,institutions,museums,beautiful,100,results/MUSE-NAME-0432.csv,,,,
MUSE-NAME-0433,prepared,institutions,museums,unconventional,100,results/MUSE-NAME-0433.csv,,,,
MUSE-NAME-0434,prepared,institutions,museums,timeless,100,results/MUSE-NAME-0434.csv,,,,
MUSE-NAME-0435,prepared,institutions,museums,friendly,100,results/MUSE-NAME-0435.csv,,,,
MUSE-NAME-0436,prepared,institutions,museums,editorial,100,results/MUSE-NAME-0436.csv,,,,
MUSE-NAME-0437,prepared,institutions,museums,iconic,100,results/MUSE-NAME-0437.csv,,,,
MUSE-NAME-0438,prepared,institutions,museums,premium,100,results/MUSE-NAME-0438.csv,,,,
MUSE-NAME-0439,prepared,institutions,museums,human,100,results/MUSE-NAME-0439.csv,,,,
MUSE-NAME-0440,prepared,institutions,museums,remarkable,100,results/MUSE-NAME-0440.csv,,,,
MUSE-NAME-0441,prepared,institutions,societies,confident,100,results/MUSE-NAME-0441.csv,,,,
MUSE-NAME-0442,prepared,institutions,societies,beautiful,100,results/MUSE-NAME-0442.csv,,,,
MUSE-NAME-0443,prepared,institutions,societies,unconventional,100,results/MUSE-NAME-0443.csv,,,,
MUSE-NAME-0444,prepared,institutions,societies,timeless,100,results/MUSE-NAME-0444.csv,,,,
MUSE-NAME-0445,prepared,institutions,societies,friendly,100,results/MUSE-NAME-0445.csv,,,,
MUSE-NAME-0446,prepared,institutions,societies,editorial,100,results/MUSE-NAME-0446.csv,,,,
MUSE-NAME-0447,prepared,institutions,societies,iconic,100,results/MUSE-NAME-0447.csv,,,,
MUSE-NAME-0448,prepared,institutions,societies,premium,100,results/MUSE-NAME-0448.csv,,,,
MUSE-NAME-0449,prepared,institutions,societies,human,100,results/MUSE-NAME-0449.csv,,,,
MUSE-NAME-0450,prepared,institutions,societies,remarkable,100,results/MUSE-NAME-0450.csv,,,,
MUSE-NAME-0451,prepared,institutions,public squares,confident,100,results/MUSE-NAME-0451.csv,,,,
MUSE-NAME-0452,prepared,institutions,public squares,beautiful,100,results/MUSE-NAME-0452.csv,,,,
MUSE-NAME-0453,prepared,institutions,public squares,unconventional,100,results/MUSE-NAME-0453.csv,,,,
MUSE-NAME-0454,prepared,institutions,public squares,timeless,100,results/MUSE-NAME-0454.csv,,,,
MUSE-NAME-0455,prepared,institutions,public squares,friendly,100,results/MUSE-NAME-0455.csv,,,,
MUSE-NAME-0456,prepared,institutions,public squares,editorial,100,results/MUSE-NAME-0456.csv,,,,
MUSE-NAME-0457,prepared,institutions,public squares,iconic,100,results/MUSE-NAME-0457.csv,,,,
MUSE-NAME-0458,prepared,institutions,public squares,premium,100,results/MUSE-NAME-0458.csv,,,,
MUSE-NAME-0459,prepared,institutions,public squares,human,100,results/MUSE-NAME-0459.csv,,,,
MUSE-NAME-0460,prepared,institutions,public squares,remarkable,100,results/MUSE-NAME-0460.csv,,,,
MUSE-NAME-0461,prepared,institutions,guilds,confident,100,results/MUSE-NAME-0461.csv,,,,
MUSE-NAME-0462,prepared,institutions,guilds,beautiful,100,results/MUSE-NAME-0462.csv,,,,
MUSE-NAME-0463,prepared,institutions,guilds,unconventional,100,results/MUSE-NAME-0463.csv,,,,
MUSE-NAME-0464,prepared,institutions,guilds,timeless,100,results/MUSE-NAME-0464.csv,,,,
MUSE-NAME-0465,prepared,institutions,guilds,friendly,100,results/MUSE-NAME-0465.csv,,,,
MUSE-NAME-0466,prepared,institutions,guilds,editorial,100,results/MUSE-NAME-0466.csv,,,,
MUSE-NAME-0467,prepared,institutions,guilds,iconic,100,results/MUSE-NAME-0467.csv,,,,
MUSE-NAME-0468,prepared,institutions,guilds,premium,100,results/MUSE-NAME-0468.csv,,,,
MUSE-NAME-0469,prepared,institutions,guilds,human,100,results/MUSE-NAME-0469.csv,,,,
MUSE-NAME-0470,prepared,institutions,guilds,remarkable,100,results/MUSE-NAME-0470.csv,,,,
MUSE-NAME-0471,prepared,institutions,observatories,confident,100,results/MUSE-NAME-0471.csv,,,,
MUSE-NAME-0472,prepared,institutions,observatories,beautiful,100,results/MUSE-NAME-0472.csv,,,,
MUSE-NAME-0473,prepared,institutions,observatories,unconventional,100,results/MUSE-NAME-0473.csv,,,,
MUSE-NAME-0474,prepared,institutions,observatories,timeless,100,results/MUSE-NAME-0474.csv,,,,
MUSE-NAME-0475,prepared,institutions,observatories,friendly,100,results/MUSE-NAME-0475.csv,,,,
MUSE-NAME-0476,prepared,institutions,observatories,editorial,100,results/MUSE-NAME-0476.csv,,,,
MUSE-NAME-0477,prepared,institutions,observatories,iconic,100,results/MUSE-NAME-0477.csv,,,,
MUSE-NAME-0478,prepared,institutions,observatories,premium,100,results/MUSE-NAME-0478.csv,,,,
MUSE-NAME-0479,prepared,institutions,observatories,human,100,results/MUSE-NAME-0479.csv,,,,
MUSE-NAME-0480,prepared,institutions,observatories,remarkable,100,results/MUSE-NAME-0480.csv,,,,
MUSE-NAME-0481,prepared,institutions,archives,confident,100,results/MUSE-NAME-0481.csv,,,,
MUSE-NAME-0482,prepared,institutions,archives,beautiful,100,results/MUSE-NAME-0482.csv,,,,
MUSE-NAME-0483,prepared,institutions,archives,unconventional,100,results/MUSE-NAME-0483.csv,,,,
MUSE-NAME-0484,prepared,institutions,archives,timeless,100,results/MUSE-NAME-0484.csv,,,,
MUSE-NAME-0485,prepared,institutions,archives,friendly,100,results/MUSE-NAME-0485.csv,,,,
MUSE-NAME-0486,prepared,institutions,archives,editorial,100,results/MUSE-NAME-0486.csv,,,,
MUSE-NAME-0487,prepared,institutions,archives,iconic,100,results/MUSE-NAME-0487.csv,,,,
MUSE-NAME-0488,prepared,institutions,archives,premium,100,results/MUSE-NAME-0488.csv,,,,
MUSE-NAME-0489,prepared,institutions,archives,human,100,results/MUSE-NAME-0489.csv,,,,
MUSE-NAME-0490,prepared,institutions,archives,remarkable,100,results/MUSE-NAME-0490.csv,,,,
MUSE-NAME-0491,prepared,institutions,theaters,confident,100,results/MUSE-NAME-0491.csv,,,,
MUSE-NAME-0492,prepared,institutions,theaters,beautiful,100,results/MUSE-NAME-0492.csv,,,,
MUSE-NAME-0493,prepared,institutions,theaters,unconventional,100,results/MUSE-NAME-0493.csv,,,,
MUSE-NAME-0494,prepared,institutions,theaters,timeless,100,results/MUSE-NAME-0494.csv,,,,
MUSE-NAME-0495,prepared,institutions,theaters,friendly,100,results/MUSE-NAME-0495.csv,,,,
MUSE-NAME-0496,prepared,institutions,theaters,editorial,100,results/MUSE-NAME-0496.csv,,,,
MUSE-NAME-0497,prepared,institutions,theaters,iconic,100,results/MUSE-NAME-0497.csv,,,,
MUSE-NAME-0498,prepared,institutions,theaters,premium,100,results/MUSE-NAME-0498.csv,,,,
MUSE-NAME-0499,prepared,institutions,theaters,human,100,results/MUSE-NAME-0499.csv,,,,
MUSE-NAME-0500,prepared,institutions,theaters,remarkable,100,results/MUSE-NAME-0500.csv,,,,
MUSE-NAME-0501,prepared,cultural-transfer,sport,confident,100,results/MUSE-NAME-0501.csv,,,,
MUSE-NAME-0502,prepared,cultural-transfer,sport,beautiful,100,results/MUSE-NAME-0502.csv,,,,
MUSE-NAME-0503,prepared,cultural-transfer,sport,unconventional,100,results/MUSE-NAME-0503.csv,,,,
MUSE-NAME-0504,prepared,cultural-transfer,sport,timeless,100,results/MUSE-NAME-0504.csv,,,,
MUSE-NAME-0505,prepared,cultural-transfer,sport,friendly,100,results/MUSE-NAME-0505.csv,,,,
MUSE-NAME-0506,prepared,cultural-transfer,sport,editorial,100,results/MUSE-NAME-0506.csv,,,,
MUSE-NAME-0507,prepared,cultural-transfer,sport,iconic,100,results/MUSE-NAME-0507.csv,,,,
MUSE-NAME-0508,prepared,cultural-transfer,sport,premium,100,results/MUSE-NAME-0508.csv,,,,
MUSE-NAME-0509,prepared,cultural-transfer,sport,human,100,results/MUSE-NAME-0509.csv,,,,
MUSE-NAME-0510,prepared,cultural-transfer,sport,remarkable,100,results/MUSE-NAME-0510.csv,,,,
MUSE-NAME-0511,prepared,cultural-transfer,fashion,confident,100,results/MUSE-NAME-0511.csv,,,,
MUSE-NAME-0512,prepared,cultural-transfer,fashion,beautiful,100,results/MUSE-NAME-0512.csv,,,,
MUSE-NAME-0513,prepared,cultural-transfer,fashion,unconventional,100,results/MUSE-NAME-0513.csv,,,,
MUSE-NAME-0514,prepared,cultural-transfer,fashion,timeless,100,results/MUSE-NAME-0514.csv,,,,
MUSE-NAME-0515,prepared,cultural-transfer,fashion,friendly,100,results/MUSE-NAME-0515.csv,,,,
MUSE-NAME-0516,prepared,cultural-transfer,fashion,editorial,100,results/MUSE-NAME-0516.csv,,,,
MUSE-NAME-0517,prepared,cultural-transfer,fashion,iconic,100,results/MUSE-NAME-0517.csv,,,,
MUSE-NAME-0518,prepared,cultural-transfer,fashion,premium,100,results/MUSE-NAME-0518.csv,,,,
MUSE-NAME-0519,prepared,cultural-transfer,fashion,human,100,results/MUSE-NAME-0519.csv,,,,
MUSE-NAME-0520,prepared,cultural-transfer,fashion,remarkable,100,results/MUSE-NAME-0520.csv,,,,
MUSE-NAME-0521,prepared,cultural-transfer,hospitality,confident,100,results/MUSE-NAME-0521.csv,,,,
MUSE-NAME-0522,prepared,cultural-transfer,hospitality,beautiful,100,results/MUSE-NAME-0522.csv,,,,
MUSE-NAME-0523,prepared,cultural-transfer,hospitality,unconventional,100,results/MUSE-NAME-0523.csv,,,,
MUSE-NAME-0524,prepared,cultural-transfer,hospitality,timeless,100,results/MUSE-NAME-0524.csv,,,,
MUSE-NAME-0525,prepared,cultural-transfer,hospitality,friendly,100,results/MUSE-NAME-0525.csv,,,,
MUSE-NAME-0526,prepared,cultural-transfer,hospitality,editorial,100,results/MUSE-NAME-0526.csv,,,,
MUSE-NAME-0527,prepared,cultural-transfer,hospitality,iconic,100,results/MUSE-NAME-0527.csv,,,,
MUSE-NAME-0528,prepared,cultural-transfer,hospitality,premium,100,results/MUSE-NAME-0528.csv,,,,
MUSE-NAME-0529,prepared,cultural-transfer,hospitality,human,100,results/MUSE-NAME-0529.csv,,,,
MUSE-NAME-0530,prepared,cultural-transfer,hospitality,remarkable,100,results/MUSE-NAME-0530.csv,,,,
MUSE-NAME-0531,prepared,cultural-transfer,transportation,confident,100,results/MUSE-NAME-0531.csv,,,,
MUSE-NAME-0532,prepared,cultural-transfer,transportation,beautiful,100,results/MUSE-NAME-0532.csv,,,,
MUSE-NAME-0533,prepared,cultural-transfer,transportation,unconventional,100,results/MUSE-NAME-0533.csv,,,,
MUSE-NAME-0534,prepared,cultural-transfer,transportation,timeless,100,results/MUSE-NAME-0534.csv,,,,
MUSE-NAME-0535,prepared,cultural-transfer,transportation,friendly,100,results/MUSE-NAME-0535.csv,,,,
MUSE-NAME-0536,prepared,cultural-transfer,transportation,editorial,100,results/MUSE-NAME-0536.csv,,,,
MUSE-NAME-0537,prepared,cultural-transfer,transportation,iconic,100,results/MUSE-NAME-0537.csv,,,,
MUSE-NAME-0538,prepared,cultural-transfer,transportation,premium,100,results/MUSE-NAME-0538.csv,,,,
MUSE-NAME-0539,prepared,cultural-transfer,transportation,human,100,results/MUSE-NAME-0539.csv,,,,
MUSE-NAME-0540,prepared,cultural-transfer,transportation,remarkable,100,results/MUSE-NAME-0540.csv,,,,
MUSE-NAME-0541,prepared,cultural-transfer,food,confident,100,results/MUSE-NAME-0541.csv,,,,
MUSE-NAME-0542,prepared,cultural-transfer,food,beautiful,100,results/MUSE-NAME-0542.csv,,,,
MUSE-NAME-0543,prepared,cultural-transfer,food,unconventional,100,results/MUSE-NAME-0543.csv,,,,
MUSE-NAME-0544,prepared,cultural-transfer,food,timeless,100,results/MUSE-NAME-0544.csv,,,,
MUSE-NAME-0545,prepared,cultural-transfer,food,friendly,100,results/MUSE-NAME-0545.csv,,,,
MUSE-NAME-0546,prepared,cultural-transfer,food,editorial,100,results/MUSE-NAME-0546.csv,,,,
MUSE-NAME-0547,prepared,cultural-transfer,food,iconic,100,results/MUSE-NAME-0547.csv,,,,
MUSE-NAME-0548,prepared,cultural-transfer,food,premium,100,results/MUSE-NAME-0548.csv,,,,
MUSE-NAME-0549,prepared,cultural-transfer,food,human,100,results/MUSE-NAME-0549.csv,,,,
MUSE-NAME-0550,prepared,cultural-transfer,food,remarkable,100,results/MUSE-NAME-0550.csv,,,,
MUSE-NAME-0551,prepared,cultural-transfer,film,confident,100,results/MUSE-NAME-0551.csv,,,,
MUSE-NAME-0552,prepared,cultural-transfer,film,beautiful,100,results/MUSE-NAME-0552.csv,,,,
MUSE-NAME-0553,prepared,cultural-transfer,film,unconventional,100,results/MUSE-NAME-0553.csv,,,,
MUSE-NAME-0554,prepared,cultural-transfer,film,timeless,100,results/MUSE-NAME-0554.csv,,,,
MUSE-NAME-0555,prepared,cultural-transfer,film,friendly,100,results/MUSE-NAME-0555.csv,,,,
MUSE-NAME-0556,prepared,cultural-transfer,film,editorial,100,results/MUSE-NAME-0556.csv,,,,
MUSE-NAME-0557,prepared,cultural-transfer,film,iconic,100,results/MUSE-NAME-0557.csv,,,,
MUSE-NAME-0558,prepared,cultural-transfer,film,premium,100,results/MUSE-NAME-0558.csv,,,,
MUSE-NAME-0559,prepared,cultural-transfer,film,human,100,results/MUSE-NAME-0559.csv,,,,
MUSE-NAME-0560,prepared,cultural-transfer,film,remarkable,100,results/MUSE-NAME-0560.csv,,,,
MUSE-NAME-0561,prepared,cultural-transfer,science,confident,100,results/MUSE-NAME-0561.csv,,,,
MUSE-NAME-0562,prepared,cultural-transfer,science,beautiful,100,results/MUSE-NAME-0562.csv,,,,
MUSE-NAME-0563,prepared,cultural-transfer,science,unconventional,100,results/MUSE-NAME-0563.csv,,,,
MUSE-NAME-0564,prepared,cultural-transfer,science,timeless,100,results/MUSE-NAME-0564.csv,,,,
MUSE-NAME-0565,prepared,cultural-transfer,science,friendly,100,results/MUSE-NAME-0565.csv,,,,
MUSE-NAME-0566,prepared,cultural-transfer,science,editorial,100,results/MUSE-NAME-0566.csv,,,,
MUSE-NAME-0567,prepared,cultural-transfer,science,iconic,100,results/MUSE-NAME-0567.csv,,,,
MUSE-NAME-0568,prepared,cultural-transfer,science,premium,100,results/MUSE-NAME-0568.csv,,,,
MUSE-NAME-0569,prepared,cultural-transfer,science,human,100,results/MUSE-NAME-0569.csv,,,,
MUSE-NAME-0570,prepared,cultural-transfer,science,remarkable,100,results/MUSE-NAME-0570.csv,,,,
MUSE-NAME-0571,prepared,cultural-transfer,design,confident,100,results/MUSE-NAME-0571.csv,,,,
MUSE-NAME-0572,prepared,cultural-transfer,design,beautiful,100,results/MUSE-NAME-0572.csv,,,,
MUSE-NAME-0573,prepared,cultural-transfer,design,unconventional,100,results/MUSE-NAME-0573.csv,,,,
MUSE-NAME-0574,prepared,cultural-transfer,design,timeless,100,results/MUSE-NAME-0574.csv,,,,
MUSE-NAME-0575,prepared,cultural-transfer,design,friendly,100,results/MUSE-NAME-0575.csv,,,,
MUSE-NAME-0576,prepared,cultural-transfer,design,editorial,100,results/MUSE-NAME-0576.csv,,,,
MUSE-NAME-0577,prepared,cultural-transfer,design,iconic,100,results/MUSE-NAME-0577.csv,,,,
MUSE-NAME-0578,prepared,cultural-transfer,design,premium,100,results/MUSE-NAME-0578.csv,,,,
MUSE-NAME-0579,prepared,cultural-transfer,design,human,100,results/MUSE-NAME-0579.csv,,,,
MUSE-NAME-0580,prepared,cultural-transfer,design,remarkable,100,results/MUSE-NAME-0580.csv,,,,
MUSE-NAME-0581,prepared,cultural-transfer,retail,confident,100,results/MUSE-NAME-0581.csv,,,,
MUSE-NAME-0582,prepared,cultural-transfer,retail,beautiful,100,results/MUSE-NAME-0582.csv,,,,
MUSE-NAME-0583,prepared,cultural-transfer,retail,unconventional,100,results/MUSE-NAME-0583.csv,,,,
MUSE-NAME-0584,prepared,cultural-transfer,retail,timeless,100,results/MUSE-NAME-0584.csv,,,,
MUSE-NAME-0585,prepared,cultural-transfer,retail,friendly,100,results/MUSE-NAME-0585.csv,,,,
MUSE-NAME-0586,prepared,cultural-transfer,retail,editorial,100,results/MUSE-NAME-0586.csv,,,,
MUSE-NAME-0587,prepared,cultural-transfer,retail,iconic,100,results/MUSE-NAME-0587.csv,,,,
MUSE-NAME-0588,prepared,cultural-transfer,retail,premium,100,results/MUSE-NAME-0588.csv,,,,
MUSE-NAME-0589,prepared,cultural-transfer,retail,human,100,results/MUSE-NAME-0589.csv,,,,
MUSE-NAME-0590,prepared,cultural-transfer,retail,remarkable,100,results/MUSE-NAME-0590.csv,,,,
MUSE-NAME-0591,prepared,cultural-transfer,architecture,confident,100,results/MUSE-NAME-0591.csv,,,,
MUSE-NAME-0592,prepared,cultural-transfer,architecture,beautiful,100,results/MUSE-NAME-0592.csv,,,,
MUSE-NAME-0593,prepared,cultural-transfer,architecture,unconventional,100,results/MUSE-NAME-0593.csv,,,,
MUSE-NAME-0594,prepared,cultural-transfer,architecture,timeless,100,results/MUSE-NAME-0594.csv,,,,
MUSE-NAME-0595,prepared,cultural-transfer,architecture,friendly,100,results/MUSE-NAME-0595.csv,,,,
MUSE-NAME-0596,prepared,cultural-transfer,architecture,editorial,100,results/MUSE-NAME-0596.csv,,,,
MUSE-NAME-0597,prepared,cultural-transfer,architecture,iconic,100,results/MUSE-NAME-0597.csv,,,,
MUSE-NAME-0598,prepared,cultural-transfer,architecture,premium,100,results/MUSE-NAME-0598.csv,,,,
MUSE-NAME-0599,prepared,cultural-transfer,architecture,human,100,results/MUSE-NAME-0599.csv,,,,
MUSE-NAME-0600,prepared,cultural-transfer,architecture,remarkable,100,results/MUSE-NAME-0600.csv,,,,
MUSE-NAME-0601,prepared,linguistic,French,confident,100,results/MUSE-NAME-0601.csv,,,,
MUSE-NAME-0602,prepared,linguistic,French,beautiful,100,results/MUSE-NAME-0602.csv,,,,
MUSE-NAME-0603,prepared,linguistic,French,unconventional,100,results/MUSE-NAME-0603.csv,,,,
MUSE-NAME-0604,prepared,linguistic,French,timeless,100,results/MUSE-NAME-0604.csv,,,,
MUSE-NAME-0605,prepared,linguistic,French,friendly,100,results/MUSE-NAME-0605.csv,,,,
MUSE-NAME-0606,prepared,linguistic,French,editorial,100,results/MUSE-NAME-0606.csv,,,,
MUSE-NAME-0607,prepared,linguistic,French,iconic,100,results/MUSE-NAME-0607.csv,,,,
MUSE-NAME-0608,prepared,linguistic,French,premium,100,results/MUSE-NAME-0608.csv,,,,
MUSE-NAME-0609,prepared,linguistic,French,human,100,results/MUSE-NAME-0609.csv,,,,
MUSE-NAME-0610,prepared,linguistic,French,remarkable,100,results/MUSE-NAME-0610.csv,,,,
MUSE-NAME-0611,prepared,linguistic,Italian,confident,100,results/MUSE-NAME-0611.csv,,,,
MUSE-NAME-0612,prepared,linguistic,Italian,beautiful,100,results/MUSE-NAME-0612.csv,,,,
MUSE-NAME-0613,prepared,linguistic,Italian,unconventional,100,results/MUSE-NAME-0613.csv,,,,
MUSE-NAME-0614,prepared,linguistic,Italian,timeless,100,results/MUSE-NAME-0614.csv,,,,
MUSE-NAME-0615,prepared,linguistic,Italian,friendly,100,results/MUSE-NAME-0615.csv,,,,
MUSE-NAME-0616,prepared,linguistic,Italian,editorial,100,results/MUSE-NAME-0616.csv,,,,
MUSE-NAME-0617,prepared,linguistic,Italian,iconic,100,results/MUSE-NAME-0617.csv,,,,
MUSE-NAME-0618,prepared,linguistic,Italian,premium,100,results/MUSE-NAME-0618.csv,,,,
MUSE-NAME-0619,prepared,linguistic,Italian,human,100,results/MUSE-NAME-0619.csv,,,,
MUSE-NAME-0620,prepared,linguistic,Italian,remarkable,100,results/MUSE-NAME-0620.csv,,,,
MUSE-NAME-0621,prepared,linguistic,Spanish,confident,100,results/MUSE-NAME-0621.csv,,,,
MUSE-NAME-0622,prepared,linguistic,Spanish,beautiful,100,results/MUSE-NAME-0622.csv,,,,
MUSE-NAME-0623,prepared,linguistic,Spanish,unconventional,100,results/MUSE-NAME-0623.csv,,,,
MUSE-NAME-0624,prepared,linguistic,Spanish,timeless,100,results/MUSE-NAME-0624.csv,,,,
MUSE-NAME-0625,prepared,linguistic,Spanish,friendly,100,results/MUSE-NAME-0625.csv,,,,
MUSE-NAME-0626,prepared,linguistic,Spanish,editorial,100,results/MUSE-NAME-0626.csv,,,,
MUSE-NAME-0627,prepared,linguistic,Spanish,iconic,100,results/MUSE-NAME-0627.csv,,,,
MUSE-NAME-0628,prepared,linguistic,Spanish,premium,100,results/MUSE-NAME-0628.csv,,,,
MUSE-NAME-0629,prepared,linguistic,Spanish,human,100,results/MUSE-NAME-0629.csv,,,,
MUSE-NAME-0630,prepared,linguistic,Spanish,remarkable,100,results/MUSE-NAME-0630.csv,,,,
MUSE-NAME-0631,prepared,linguistic,Nordic,confident,100,results/MUSE-NAME-0631.csv,,,,
MUSE-NAME-0632,prepared,linguistic,Nordic,beautiful,100,results/MUSE-NAME-0632.csv,,,,
MUSE-NAME-0633,prepared,linguistic,Nordic,unconventional,100,results/MUSE-NAME-0633.csv,,,,
MUSE-NAME-0634,prepared,linguistic,Nordic,timeless,100,results/MUSE-NAME-0634.csv,,,,
MUSE-NAME-0635,prepared,linguistic,Nordic,friendly,100,results/MUSE-NAME-0635.csv,,,,
MUSE-NAME-0636,prepared,linguistic,Nordic,editorial,100,results/MUSE-NAME-0636.csv,,,,
MUSE-NAME-0637,prepared,linguistic,Nordic,iconic,100,results/MUSE-NAME-0637.csv,,,,
MUSE-NAME-0638,prepared,linguistic,Nordic,premium,100,results/MUSE-NAME-0638.csv,,,,
MUSE-NAME-0639,prepared,linguistic,Nordic,human,100,results/MUSE-NAME-0639.csv,,,,
MUSE-NAME-0640,prepared,linguistic,Nordic,remarkable,100,results/MUSE-NAME-0640.csv,,,,
MUSE-NAME-0641,prepared,linguistic,Germanic,confident,100,results/MUSE-NAME-0641.csv,,,,
MUSE-NAME-0642,prepared,linguistic,Germanic,beautiful,100,results/MUSE-NAME-0642.csv,,,,
MUSE-NAME-0643,prepared,linguistic,Germanic,unconventional,100,results/MUSE-NAME-0643.csv,,,,
MUSE-NAME-0644,prepared,linguistic,Germanic,timeless,100,results/MUSE-NAME-0644.csv,,,,
MUSE-NAME-0645,prepared,linguistic,Germanic,friendly,100,results/MUSE-NAME-0645.csv,,,,
MUSE-NAME-0646,prepared,linguistic,Germanic,editorial,100,results/MUSE-NAME-0646.csv,,,,
MUSE-NAME-0647,prepared,linguistic,Germanic,iconic,100,results/MUSE-NAME-0647.csv,,,,
MUSE-NAME-0648,prepared,linguistic,Germanic,premium,100,results/MUSE-NAME-0648.csv,,,,
MUSE-NAME-0649,prepared,linguistic,Germanic,human,100,results/MUSE-NAME-0649.csv,,,,
MUSE-NAME-0650,prepared,linguistic,Germanic,remarkable,100,results/MUSE-NAME-0650.csv,,,,
MUSE-NAME-0651,prepared,linguistic,Greek,confident,100,results/MUSE-NAME-0651.csv,,,,
MUSE-NAME-0652,prepared,linguistic,Greek,beautiful,100,results/MUSE-NAME-0652.csv,,,,
MUSE-NAME-0653,prepared,linguistic,Greek,unconventional,100,results/MUSE-NAME-0653.csv,,,,
MUSE-NAME-0654,prepared,linguistic,Greek,timeless,100,results/MUSE-NAME-0654.csv,,,,
MUSE-NAME-0655,prepared,linguistic,Greek,friendly,100,results/MUSE-NAME-0655.csv,,,,
MUSE-NAME-0656,prepared,linguistic,Greek,editorial,100,results/MUSE-NAME-0656.csv,,,,
MUSE-NAME-0657,prepared,linguistic,Greek,iconic,100,results/MUSE-NAME-0657.csv,,,,
MUSE-NAME-0658,prepared,linguistic,Greek,premium,100,results/MUSE-NAME-0658.csv,,,,
MUSE-NAME-0659,prepared,linguistic,Greek,human,100,results/MUSE-NAME-0659.csv,,,,
MUSE-NAME-0660,prepared,linguistic,Greek,remarkable,100,results/MUSE-NAME-0660.csv,,,,
MUSE-NAME-0661,prepared,linguistic,Latin,confident,100,results/MUSE-NAME-0661.csv,,,,
MUSE-NAME-0662,prepared,linguistic,Latin,beautiful,100,results/MUSE-NAME-0662.csv,,,,
MUSE-NAME-0663,prepared,linguistic,Latin,unconventional,100,results/MUSE-NAME-0663.csv,,,,
MUSE-NAME-0664,prepared,linguistic,Latin,timeless,100,results/MUSE-NAME-0664.csv,,,,
MUSE-NAME-0665,prepared,linguistic,Latin,friendly,100,results/MUSE-NAME-0665.csv,,,,
MUSE-NAME-0666,prepared,linguistic,Latin,editorial,100,results/MUSE-NAME-0666.csv,,,,
MUSE-NAME-0667,prepared,linguistic,Latin,iconic,100,results/MUSE-NAME-0667.csv,,,,
MUSE-NAME-0668,prepared,linguistic,Latin,premium,100,results/MUSE-NAME-0668.csv,,,,
MUSE-NAME-0669,prepared,linguistic,Latin,human,100,results/MUSE-NAME-0669.csv,,,,
MUSE-NAME-0670,prepared,linguistic,Latin,remarkable,100,results/MUSE-NAME-0670.csv,,,,
MUSE-NAME-0671,prepared,linguistic,Japanese,confident,100,results/MUSE-NAME-0671.csv,,,,
MUSE-NAME-0672,prepared,linguistic,Japanese,beautiful,100,results/MUSE-NAME-0672.csv,,,,
MUSE-NAME-0673,prepared,linguistic,Japanese,unconventional,100,results/MUSE-NAME-0673.csv,,,,
MUSE-NAME-0674,prepared,linguistic,Japanese,timeless,100,results/MUSE-NAME-0674.csv,,,,
MUSE-NAME-0675,prepared,linguistic,Japanese,friendly,100,results/MUSE-NAME-0675.csv,,,,
MUSE-NAME-0676,prepared,linguistic,Japanese,editorial,100,results/MUSE-NAME-0676.csv,,,,
MUSE-NAME-0677,prepared,linguistic,Japanese,iconic,100,results/MUSE-NAME-0677.csv,,,,
MUSE-NAME-0678,prepared,linguistic,Japanese,premium,100,results/MUSE-NAME-0678.csv,,,,
MUSE-NAME-0679,prepared,linguistic,Japanese,human,100,results/MUSE-NAME-0679.csv,,,,
MUSE-NAME-0680,prepared,linguistic,Japanese,remarkable,100,results/MUSE-NAME-0680.csv,,,,
MUSE-NAME-0681,prepared,linguistic,Portuguese,confident,100,results/MUSE-NAME-0681.csv,,,,
MUSE-NAME-0682,prepared,linguistic,Portuguese,beautiful,100,results/MUSE-NAME-0682.csv,,,,
MUSE-NAME-0683,prepared,linguistic,Portuguese,unconventional,100,results/MUSE-NAME-0683.csv,,,,
MUSE-NAME-0684,prepared,linguistic,Portuguese,timeless,100,results/MUSE-NAME-0684.csv,,,,
MUSE-NAME-0685,prepared,linguistic,Portuguese,friendly,100,results/MUSE-NAME-0685.csv,,,,
MUSE-NAME-0686,prepared,linguistic,Portuguese,editorial,100,results/MUSE-NAME-0686.csv,,,,
MUSE-NAME-0687,prepared,linguistic,Portuguese,iconic,100,results/MUSE-NAME-0687.csv,,,,
MUSE-NAME-0688,prepared,linguistic,Portuguese,premium,100,results/MUSE-NAME-0688.csv,,,,
MUSE-NAME-0689,prepared,linguistic,Portuguese,human,100,results/MUSE-NAME-0689.csv,,,,
MUSE-NAME-0690,prepared,linguistic,Portuguese,remarkable,100,results/MUSE-NAME-0690.csv,,,,
MUSE-NAME-0691,prepared,linguistic,Old English,confident,100,results/MUSE-NAME-0691.csv,,,,
MUSE-NAME-0692,prepared,linguistic,Old English,beautiful,100,results/MUSE-NAME-0692.csv,,,,
MUSE-NAME-0693,prepared,linguistic,Old English,unconventional,100,results/MUSE-NAME-0693.csv,,,,
MUSE-NAME-0694,prepared,linguistic,Old English,timeless,100,results/MUSE-NAME-0694.csv,,,,
MUSE-NAME-0695,prepared,linguistic,Old English,friendly,100,results/MUSE-NAME-0695.csv,,,,
MUSE-NAME-0696,prepared,linguistic,Old English,editorial,100,results/MUSE-NAME-0696.csv,,,,
MUSE-NAME-0697,prepared,linguistic,Old English,iconic,100,results/MUSE-NAME-0697.csv,,,,
MUSE-NAME-0698,prepared,linguistic,Old English,premium,100,results/MUSE-NAME-0698.csv,,,,
MUSE-NAME-0699,prepared,linguistic,Old English,human,100,results/MUSE-NAME-0699.csv,,,,
MUSE-NAME-0700,prepared,linguistic,Old English,remarkable,100,results/MUSE-NAME-0700.csv,,,,
MUSE-NAME-0701,prepared,trust-without-jargon,memory,confident,100,results/MUSE-NAME-0701.csv,,,,
MUSE-NAME-0702,prepared,trust-without-jargon,memory,beautiful,100,results/MUSE-NAME-0702.csv,,,,
MUSE-NAME-0703,prepared,trust-without-jargon,memory,unconventional,100,results/MUSE-NAME-0703.csv,,,,
MUSE-NAME-0704,prepared,trust-without-jargon,memory,timeless,100,results/MUSE-NAME-0704.csv,,,,
MUSE-NAME-0705,prepared,trust-without-jargon,memory,friendly,100,results/MUSE-NAME-0705.csv,,,,
MUSE-NAME-0706,prepared,trust-without-jargon,memory,editorial,100,results/MUSE-NAME-0706.csv,,,,
MUSE-NAME-0707,prepared,trust-without-jargon,memory,iconic,100,results/MUSE-NAME-0707.csv,,,,
MUSE-NAME-0708,prepared,trust-without-jargon,memory,premium,100,results/MUSE-NAME-0708.csv,,,,
MUSE-NAME-0709,prepared,trust-without-jargon,memory,human,100,results/MUSE-NAME-0709.csv,,,,
MUSE-NAME-0710,prepared,trust-without-jargon,memory,remarkable,100,results/MUSE-NAME-0710.csv,,,,
MUSE-NAME-0711,prepared,trust-without-jargon,time,confident,100,results/MUSE-NAME-0711.csv,,,,
MUSE-NAME-0712,prepared,trust-without-jargon,time,beautiful,100,results/MUSE-NAME-0712.csv,,,,
MUSE-NAME-0713,prepared,trust-without-jargon,time,unconventional,100,results/MUSE-NAME-0713.csv,,,,
MUSE-NAME-0714,prepared,trust-without-jargon,time,timeless,100,results/MUSE-NAME-0714.csv,,,,
MUSE-NAME-0715,prepared,trust-without-jargon,time,friendly,100,results/MUSE-NAME-0715.csv,,,,
MUSE-NAME-0716,prepared,trust-without-jargon,time,editorial,100,results/MUSE-NAME-0716.csv,,,,
MUSE-NAME-0717,prepared,trust-without-jargon,time,iconic,100,results/MUSE-NAME-0717.csv,,,,
MUSE-NAME-0718,prepared,trust-without-jargon,time,premium,100,results/MUSE-NAME-0718.csv,,,,
MUSE-NAME-0719,prepared,trust-without-jargon,time,human,100,results/MUSE-NAME-0719.csv,,,,
MUSE-NAME-0720,prepared,trust-without-jargon,time,remarkable,100,results/MUSE-NAME-0720.csv,,,,
MUSE-NAME-0721,prepared,trust-without-jargon,evidence,confident,100,results/MUSE-NAME-0721.csv,,,,
MUSE-NAME-0722,prepared,trust-without-jargon,evidence,beautiful,100,results/MUSE-NAME-0722.csv,,,,
MUSE-NAME-0723,prepared,trust-without-jargon,evidence,unconventional,100,results/MUSE-NAME-0723.csv,,,,
MUSE-NAME-0724,prepared,trust-without-jargon,evidence,timeless,100,results/MUSE-NAME-0724.csv,,,,
MUSE-NAME-0725,prepared,trust-without-jargon,evidence,friendly,100,results/MUSE-NAME-0725.csv,,,,
MUSE-NAME-0726,prepared,trust-without-jargon,evidence,editorial,100,results/MUSE-NAME-0726.csv,,,,
MUSE-NAME-0727,prepared,trust-without-jargon,evidence,iconic,100,results/MUSE-NAME-0727.csv,,,,
MUSE-NAME-0728,prepared,trust-without-jargon,evidence,premium,100,results/MUSE-NAME-0728.csv,,,,
MUSE-NAME-0729,prepared,trust-without-jargon,evidence,human,100,results/MUSE-NAME-0729.csv,,,,
MUSE-NAME-0730,prepared,trust-without-jargon,evidence,remarkable,100,results/MUSE-NAME-0730.csv,,,,
MUSE-NAME-0731,prepared,trust-without-jargon,integrity,confident,100,results/MUSE-NAME-0731.csv,,,,
MUSE-NAME-0732,prepared,trust-without-jargon,integrity,beautiful,100,results/MUSE-NAME-0732.csv,,,,
MUSE-NAME-0733,prepared,trust-without-jargon,integrity,unconventional,100,results/MUSE-NAME-0733.csv,,,,
MUSE-NAME-0734,prepared,trust-without-jargon,integrity,timeless,100,results/MUSE-NAME-0734.csv,,,,
MUSE-NAME-0735,prepared,trust-without-jargon,integrity,friendly,100,results/MUSE-NAME-0735.csv,,,,
MUSE-NAME-0736,prepared,trust-without-jargon,integrity,editorial,100,results/MUSE-NAME-0736.csv,,,,
MUSE-NAME-0737,prepared,trust-without-jargon,integrity,iconic,100,results/MUSE-NAME-0737.csv,,,,
MUSE-NAME-0738,prepared,trust-without-jargon,integrity,premium,100,results/MUSE-NAME-0738.csv,,,,
MUSE-NAME-0739,prepared,trust-without-jargon,integrity,human,100,results/MUSE-NAME-0739.csv,,,,
MUSE-NAME-0740,prepared,trust-without-jargon,integrity,remarkable,100,results/MUSE-NAME-0740.csv,,,,
MUSE-NAME-0741,prepared,trust-without-jargon,longevity,confident,100,results/MUSE-NAME-0741.csv,,,,
MUSE-NAME-0742,prepared,trust-without-jargon,longevity,beautiful,100,results/MUSE-NAME-0742.csv,,,,
MUSE-NAME-0743,prepared,trust-without-jargon,longevity,unconventional,100,results/MUSE-NAME-0743.csv,,,,
MUSE-NAME-0744,prepared,trust-without-jargon,longevity,timeless,100,results/MUSE-NAME-0744.csv,,,,
MUSE-NAME-0745,prepared,trust-without-jargon,longevity,friendly,100,results/MUSE-NAME-0745.csv,,,,
MUSE-NAME-0746,prepared,trust-without-jargon,longevity,editorial,100,results/MUSE-NAME-0746.csv,,,,
MUSE-NAME-0747,prepared,trust-without-jargon,longevity,iconic,100,results/MUSE-NAME-0747.csv,,,,
MUSE-NAME-0748,prepared,trust-without-jargon,longevity,premium,100,results/MUSE-NAME-0748.csv,,,,
MUSE-NAME-0749,prepared,trust-without-jargon,longevity,human,100,results/MUSE-NAME-0749.csv,,,,
MUSE-NAME-0750,prepared,trust-without-jargon,longevity,remarkable,100,results/MUSE-NAME-0750.csv,,,,
MUSE-NAME-0751,prepared,trust-without-jargon,custody,confident,100,results/MUSE-NAME-0751.csv,,,,
MUSE-NAME-0752,prepared,trust-without-jargon,custody,beautiful,100,results/MUSE-NAME-0752.csv,,,,
MUSE-NAME-0753,prepared,trust-without-jargon,custody,unconventional,100,results/MUSE-NAME-0753.csv,,,,
MUSE-NAME-0754,prepared,trust-without-jargon,custody,timeless,100,results/MUSE-NAME-0754.csv,,,,
MUSE-NAME-0755,prepared,trust-without-jargon,custody,friendly,100,results/MUSE-NAME-0755.csv,,,,
MUSE-NAME-0756,prepared,trust-without-jargon,custody,editorial,100,results/MUSE-NAME-0756.csv,,,,
MUSE-NAME-0757,prepared,trust-without-jargon,custody,iconic,100,results/MUSE-NAME-0757.csv,,,,
MUSE-NAME-0758,prepared,trust-without-jargon,custody,premium,100,results/MUSE-NAME-0758.csv,,,,
MUSE-NAME-0759,prepared,trust-without-jargon,custody,human,100,results/MUSE-NAME-0759.csv,,,,
MUSE-NAME-0760,prepared,trust-without-jargon,custody,remarkable,100,results/MUSE-NAME-0760.csv,,,,
MUSE-NAME-0761,prepared,trust-without-jargon,authenticity,confident,100,results/MUSE-NAME-0761.csv,,,,
MUSE-NAME-0762,prepared,trust-without-jargon,authenticity,beautiful,100,results/MUSE-NAME-0762.csv,,,,
MUSE-NAME-0763,prepared,trust-without-jargon,authenticity,unconventional,100,results/MUSE-NAME-0763.csv,,,,
MUSE-NAME-0764,prepared,trust-without-jargon,authenticity,timeless,100,results/MUSE-NAME-0764.csv,,,,
MUSE-NAME-0765,prepared,trust-without-jargon,authenticity,friendly,100,results/MUSE-NAME-0765.csv,,,,
MUSE-NAME-0766,prepared,trust-without-jargon,authenticity,editorial,100,results/MUSE-NAME-0766.csv,,,,
MUSE-NAME-0767,prepared,trust-without-jargon,authenticity,iconic,100,results/MUSE-NAME-0767.csv,,,,
MUSE-NAME-0768,prepared,trust-without-jargon,authenticity,premium,100,results/MUSE-NAME-0768.csv,,,,
MUSE-NAME-0769,prepared,trust-without-jargon,authenticity,human,100,results/MUSE-NAME-0769.csv,,,,
MUSE-NAME-0770,prepared,trust-without-jargon,authenticity,remarkable,100,results/MUSE-NAME-0770.csv,,,,
MUSE-NAME-0771,prepared,trust-without-jargon,continuity,confident,100,results/MUSE-NAME-0771.csv,,,,
MUSE-NAME-0772,prepared,trust-without-jargon,continuity,beautiful,100,results/MUSE-NAME-0772.csv,,,,
MUSE-NAME-0773,prepared,trust-without-jargon,continuity,unconventional,100,results/MUSE-NAME-0773.csv,,,,
MUSE-NAME-0774,prepared,trust-without-jargon,continuity,timeless,100,results/MUSE-NAME-0774.csv,,,,
MUSE-NAME-0775,prepared,trust-without-jargon,continuity,friendly,100,results/MUSE-NAME-0775.csv,,,,
MUSE-NAME-0776,prepared,trust-without-jargon,continuity,editorial,100,results/MUSE-NAME-0776.csv,,,,
MUSE-NAME-0777,prepared,trust-without-jargon,continuity,iconic,100,results/MUSE-NAME-0777.csv,,,,
MUSE-NAME-0778,prepared,trust-without-jargon,continuity,premium,100,results/MUSE-NAME-0778.csv,,,,
MUSE-NAME-0779,prepared,trust-without-jargon,continuity,human,100,results/MUSE-NAME-0779.csv,,,,
MUSE-NAME-0780,prepared,trust-without-jargon,continuity,remarkable,100,results/MUSE-NAME-0780.csv,,,,
MUSE-NAME-0781,prepared,trust-without-jargon,reputation,confident,100,results/MUSE-NAME-0781.csv,,,,
MUSE-NAME-0782,prepared,trust-without-jargon,reputation,beautiful,100,results/MUSE-NAME-0782.csv,,,,
MUSE-NAME-0783,prepared,trust-without-jargon,reputation,unconventional,100,results/MUSE-NAME-0783.csv,,,,
MUSE-NAME-0784,prepared,trust-without-jargon,reputation,timeless,100,results/MUSE-NAME-0784.csv,,,,
MUSE-NAME-0785,prepared,trust-without-jargon,reputation,friendly,100,results/MUSE-NAME-0785.csv,,,,
MUSE-NAME-0786,prepared,trust-without-jargon,reputation,editorial,100,results/MUSE-NAME-0786.csv,,,,
MUSE-NAME-0787,prepared,trust-without-jargon,reputation,iconic,100,results/MUSE-NAME-0787.csv,,,,
MUSE-NAME-0788,prepared,trust-without-jargon,reputation,premium,100,results/MUSE-NAME-0788.csv,,,,
MUSE-NAME-0789,prepared,trust-without-jargon,reputation,human,100,results/MUSE-NAME-0789.csv,,,,
MUSE-NAME-0790,prepared,trust-without-jargon,reputation,remarkable,100,results/MUSE-NAME-0790.csv,,,,
MUSE-NAME-0791,prepared,trust-without-jargon,originality,confident,100,results/MUSE-NAME-0791.csv,,,,
MUSE-NAME-0792,prepared,trust-without-jargon,originality,beautiful,100,results/MUSE-NAME-0792.csv,,,,
MUSE-NAME-0793,prepared,trust-without-jargon,originality,unconventional,100,results/MUSE-NAME-0793.csv,,,,
MUSE-NAME-0794,prepared,trust-without-jargon,originality,timeless,100,results/MUSE-NAME-0794.csv,,,,
MUSE-NAME-0795,prepared,trust-without-jargon,originality,friendly,100,results/MUSE-NAME-0795.csv,,,,
MUSE-NAME-0796,prepared,trust-without-jargon,originality,editorial,100,results/MUSE-NAME-0796.csv,,,,
MUSE-NAME-0797,prepared,trust-without-jargon,originality,iconic,100,results/MUSE-NAME-0797.csv,,,,
MUSE-NAME-0798,prepared,trust-without-jargon,originality,premium,100,results/MUSE-NAME-0798.csv,,,,
MUSE-NAME-0799,prepared,trust-without-jargon,originality,human,100,results/MUSE-NAME-0799.csv,,,,
MUSE-NAME-0800,prepared,trust-without-jargon,originality,remarkable,100,results/MUSE-NAME-0800.csv,,,,
MUSE-NAME-0801,prepared,writer-pride,novelist,confident,100,results/MUSE-NAME-0801.csv,,,,
MUSE-NAME-0802,prepared,writer-pride,novelist,beautiful,100,results/MUSE-NAME-0802.csv,,,,
MUSE-NAME-0803,prepared,writer-pride,novelist,unconventional,100,results/MUSE-NAME-0803.csv,,,,
MUSE-NAME-0804,prepared,writer-pride,novelist,timeless,100,results/MUSE-NAME-0804.csv,,,,
MUSE-NAME-0805,prepared,writer-pride,novelist,friendly,100,results/MUSE-NAME-0805.csv,,,,
MUSE-NAME-0806,prepared,writer-pride,novelist,editorial,100,results/MUSE-NAME-0806.csv,,,,
MUSE-NAME-0807,prepared,writer-pride,novelist,iconic,100,results/MUSE-NAME-0807.csv,,,,
MUSE-NAME-0808,prepared,writer-pride,novelist,premium,100,results/MUSE-NAME-0808.csv,,,,
MUSE-NAME-0809,prepared,writer-pride,novelist,human,100,results/MUSE-NAME-0809.csv,,,,
MUSE-NAME-0810,prepared,writer-pride,novelist,remarkable,100,results/MUSE-NAME-0810.csv,,,,
MUSE-NAME-0811,prepared,writer-pride,journalist,confident,100,results/MUSE-NAME-0811.csv,,,,
MUSE-NAME-0812,prepared,writer-pride,journalist,beautiful,100,results/MUSE-NAME-0812.csv,,,,
MUSE-NAME-0813,prepared,writer-pride,journalist,unconventional,100,results/MUSE-NAME-0813.csv,,,,
MUSE-NAME-0814,prepared,writer-pride,journalist,timeless,100,results/MUSE-NAME-0814.csv,,,,
MUSE-NAME-0815,prepared,writer-pride,journalist,friendly,100,results/MUSE-NAME-0815.csv,,,,
MUSE-NAME-0816,prepared,writer-pride,journalist,editorial,100,results/MUSE-NAME-0816.csv,,,,
MUSE-NAME-0817,prepared,writer-pride,journalist,iconic,100,results/MUSE-NAME-0817.csv,,,,
MUSE-NAME-0818,prepared,writer-pride,journalist,premium,100,results/MUSE-NAME-0818.csv,,,,
MUSE-NAME-0819,prepared,writer-pride,journalist,human,100,results/MUSE-NAME-0819.csv,,,,
MUSE-NAME-0820,prepared,writer-pride,journalist,remarkable,100,results/MUSE-NAME-0820.csv,,,,
MUSE-NAME-0821,prepared,writer-pride,researcher,confident,100,results/MUSE-NAME-0821.csv,,,,
MUSE-NAME-0822,prepared,writer-pride,researcher,beautiful,100,results/MUSE-NAME-0822.csv,,,,
MUSE-NAME-0823,prepared,writer-pride,researcher,unconventional,100,results/MUSE-NAME-0823.csv,,,,
MUSE-NAME-0824,prepared,writer-pride,researcher,timeless,100,results/MUSE-NAME-0824.csv,,,,
MUSE-NAME-0825,prepared,writer-pride,researcher,friendly,100,results/MUSE-NAME-0825.csv,,,,
MUSE-NAME-0826,prepared,writer-pride,researcher,editorial,100,results/MUSE-NAME-0826.csv,,,,
MUSE-NAME-0827,prepared,writer-pride,researcher,iconic,100,results/MUSE-NAME-0827.csv,,,,
MUSE-NAME-0828,prepared,writer-pride,researcher,premium,100,results/MUSE-NAME-0828.csv,,,,
MUSE-NAME-0829,prepared,writer-pride,researcher,human,100,results/MUSE-NAME-0829.csv,,,,
MUSE-NAME-0830,prepared,writer-pride,researcher,remarkable,100,results/MUSE-NAME-0830.csv,,,,
MUSE-NAME-0831,prepared,writer-pride,biographer,confident,100,results/MUSE-NAME-0831.csv,,,,
MUSE-NAME-0832,prepared,writer-pride,biographer,beautiful,100,results/MUSE-NAME-0832.csv,,,,
MUSE-NAME-0833,prepared,writer-pride,biographer,unconventional,100,results/MUSE-NAME-0833.csv,,,,
MUSE-NAME-0834,prepared,writer-pride,biographer,timeless,100,results/MUSE-NAME-0834.csv,,,,
MUSE-NAME-0835,prepared,writer-pride,biographer,friendly,100,results/MUSE-NAME-0835.csv,,,,
MUSE-NAME-0836,prepared,writer-pride,biographer,editorial,100,results/MUSE-NAME-0836.csv,,,,
MUSE-NAME-0837,prepared,writer-pride,biographer,iconic,100,results/MUSE-NAME-0837.csv,,,,
MUSE-NAME-0838,prepared,writer-pride,biographer,premium,100,results/MUSE-NAME-0838.csv,,,,
MUSE-NAME-0839,prepared,writer-pride,biographer,human,100,results/MUSE-NAME-0839.csv,,,,
MUSE-NAME-0840,prepared,writer-pride,biographer,remarkable,100,results/MUSE-NAME-0840.csv,,,,
MUSE-NAME-0841,prepared,writer-pride,columnist,confident,100,results/MUSE-NAME-0841.csv,,,,
MUSE-NAME-0842,prepared,writer-pride,columnist,beautiful,100,results/MUSE-NAME-0842.csv,,,,
MUSE-NAME-0843,prepared,writer-pride,columnist,unconventional,100,results/MUSE-NAME-0843.csv,,,,
MUSE-NAME-0844,prepared,writer-pride,columnist,timeless,100,results/MUSE-NAME-0844.csv,,,,
MUSE-NAME-0845,prepared,writer-pride,columnist,friendly,100,results/MUSE-NAME-0845.csv,,,,
MUSE-NAME-0846,prepared,writer-pride,columnist,editorial,100,results/MUSE-NAME-0846.csv,,,,
MUSE-NAME-0847,prepared,writer-pride,columnist,iconic,100,results/MUSE-NAME-0847.csv,,,,
MUSE-NAME-0848,prepared,writer-pride,columnist,premium,100,results/MUSE-NAME-0848.csv,,,,
MUSE-NAME-0849,prepared,writer-pride,columnist,human,100,results/MUSE-NAME-0849.csv,,,,
MUSE-NAME-0850,prepared,writer-pride,columnist,remarkable,100,results/MUSE-NAME-0850.csv,,,,
MUSE-NAME-0851,prepared,writer-pride,essayist,confident,100,results/MUSE-NAME-0851.csv,,,,
MUSE-NAME-0852,prepared,writer-pride,essayist,beautiful,100,results/MUSE-NAME-0852.csv,,,,
MUSE-NAME-0853,prepared,writer-pride,essayist,unconventional,100,results/MUSE-NAME-0853.csv,,,,
MUSE-NAME-0854,prepared,writer-pride,essayist,timeless,100,results/MUSE-NAME-0854.csv,,,,
MUSE-NAME-0855,prepared,writer-pride,essayist,friendly,100,results/MUSE-NAME-0855.csv,,,,
MUSE-NAME-0856,prepared,writer-pride,essayist,editorial,100,results/MUSE-NAME-0856.csv,,,,
MUSE-NAME-0857,prepared,writer-pride,essayist,iconic,100,results/MUSE-NAME-0857.csv,,,,
MUSE-NAME-0858,prepared,writer-pride,essayist,premium,100,results/MUSE-NAME-0858.csv,,,,
MUSE-NAME-0859,prepared,writer-pride,essayist,human,100,results/MUSE-NAME-0859.csv,,,,
MUSE-NAME-0860,prepared,writer-pride,essayist,remarkable,100,results/MUSE-NAME-0860.csv,,,,
MUSE-NAME-0861,prepared,writer-pride,poet,confident,100,results/MUSE-NAME-0861.csv,,,,
MUSE-NAME-0862,prepared,writer-pride,poet,beautiful,100,results/MUSE-NAME-0862.csv,,,,
MUSE-NAME-0863,prepared,writer-pride,poet,unconventional,100,results/MUSE-NAME-0863.csv,,,,
MUSE-NAME-0864,prepared,writer-pride,poet,timeless,100,results/MUSE-NAME-0864.csv,,,,
MUSE-NAME-0865,prepared,writer-pride,poet,friendly,100,results/MUSE-NAME-0865.csv,,,,
MUSE-NAME-0866,prepared,writer-pride,poet,editorial,100,results/MUSE-NAME-0866.csv,,,,
MUSE-NAME-0867,prepared,writer-pride,poet,iconic,100,results/MUSE-NAME-0867.csv,,,,
MUSE-NAME-0868,prepared,writer-pride,poet,premium,100,results/MUSE-NAME-0868.csv,,,,
MUSE-NAME-0869,prepared,writer-pride,poet,human,100,results/MUSE-NAME-0869.csv,,,,
MUSE-NAME-0870,prepared,writer-pride,poet,remarkable,100,results/MUSE-NAME-0870.csv,,,,
MUSE-NAME-0871,prepared,writer-pride,publisher,confident,100,results/MUSE-NAME-0871.csv,,,,
MUSE-NAME-0872,prepared,writer-pride,publisher,beautiful,100,results/MUSE-NAME-0872.csv,,,,
MUSE-NAME-0873,prepared,writer-pride,publisher,unconventional,100,results/MUSE-NAME-0873.csv,,,,
MUSE-NAME-0874,prepared,writer-pride,publisher,timeless,100,results/MUSE-NAME-0874.csv,,,,
MUSE-NAME-0875,prepared,writer-pride,publisher,friendly,100,results/MUSE-NAME-0875.csv,,,,
MUSE-NAME-0876,prepared,writer-pride,publisher,editorial,100,results/MUSE-NAME-0876.csv,,,,
MUSE-NAME-0877,prepared,writer-pride,publisher,iconic,100,results/MUSE-NAME-0877.csv,,,,
MUSE-NAME-0878,prepared,writer-pride,publisher,premium,100,results/MUSE-NAME-0878.csv,,,,
MUSE-NAME-0879,prepared,writer-pride,publisher,human,100,results/MUSE-NAME-0879.csv,,,,
MUSE-NAME-0880,prepared,writer-pride,publisher,remarkable,100,results/MUSE-NAME-0880.csv,,,,
MUSE-NAME-0881,prepared,writer-pride,historian,confident,100,results/MUSE-NAME-0881.csv,,,,
MUSE-NAME-0882,prepared,writer-pride,historian,beautiful,100,results/MUSE-NAME-0882.csv,,,,
MUSE-NAME-0883,prepared,writer-pride,historian,unconventional,100,results/MUSE-NAME-0883.csv,,,,
MUSE-NAME-0884,prepared,writer-pride,historian,timeless,100,results/MUSE-NAME-0884.csv,,,,
MUSE-NAME-0885,prepared,writer-pride,historian,friendly,100,results/MUSE-NAME-0885.csv,,,,
MUSE-NAME-0886,prepared,writer-pride,historian,editorial,100,results/MUSE-NAME-0886.csv,,,,
MUSE-NAME-0887,prepared,writer-pride,historian,iconic,100,results/MUSE-NAME-0887.csv,,,,
MUSE-NAME-0888,prepared,writer-pride,historian,premium,100,results/MUSE-NAME-0888.csv,,,,
MUSE-NAME-0889,prepared,writer-pride,historian,human,100,results/MUSE-NAME-0889.csv,,,,
MUSE-NAME-0890,prepared,writer-pride,historian,remarkable,100,results/MUSE-NAME-0890.csv,,,,
MUSE-NAME-0891,prepared,writer-pride,independent creator,confident,100,results/MUSE-NAME-0891.csv,,,,
MUSE-NAME-0892,prepared,writer-pride,independent creator,beautiful,100,results/MUSE-NAME-0892.csv,,,,
MUSE-NAME-0893,prepared,writer-pride,independent creator,unconventional,100,results/MUSE-NAME-0893.csv,,,,
MUSE-NAME-0894,prepared,writer-pride,independent creator,timeless,100,results/MUSE-NAME-0894.csv,,,,
MUSE-NAME-0895,prepared,writer-pride,independent creator,friendly,100,results/MUSE-NAME-0895.csv,,,,
MUSE-NAME-0896,prepared,writer-pride,independent creator,editorial,100,results/MUSE-NAME-0896.csv,,,,
MUSE-NAME-0897,prepared,writer-pride,independent creator,iconic,100,results/MUSE-NAME-0897.csv,,,,
MUSE-NAME-0898,prepared,writer-pride,independent creator,premium,100,results/MUSE-NAME-0898.csv,,,,
MUSE-NAME-0899,prepared,writer-pride,independent creator,human,100,results/MUSE-NAME-0899.csv,,,,
MUSE-NAME-0900,prepared,writer-pride,independent creator,remarkable,100,results/MUSE-NAME-0900.csv,,,,
MUSE-NAME-0901,prepared,category-breaker,surreal,confident,100,results/MUSE-NAME-0901.csv,,,,
MUSE-NAME-0902,prepared,category-breaker,surreal,beautiful,100,results/MUSE-NAME-0902.csv,,,,
MUSE-NAME-0903,prepared,category-breaker,surreal,unconventional,100,results/MUSE-NAME-0903.csv,,,,
MUSE-NAME-0904,prepared,category-breaker,surreal,timeless,100,results/MUSE-NAME-0904.csv,,,,
MUSE-NAME-0905,prepared,category-breaker,surreal,friendly,100,results/MUSE-NAME-0905.csv,,,,
MUSE-NAME-0906,prepared,category-breaker,surreal,editorial,100,results/MUSE-NAME-0906.csv,,,,
MUSE-NAME-0907,prepared,category-breaker,surreal,iconic,100,results/MUSE-NAME-0907.csv,,,,
MUSE-NAME-0908,prepared,category-breaker,surreal,premium,100,results/MUSE-NAME-0908.csv,,,,
MUSE-NAME-0909,prepared,category-breaker,surreal,human,100,results/MUSE-NAME-0909.csv,,,,
MUSE-NAME-0910,prepared,category-breaker,surreal,remarkable,100,results/MUSE-NAME-0910.csv,,,,
MUSE-NAME-0911,prepared,category-breaker,minimal,confident,100,results/MUSE-NAME-0911.csv,,,,
MUSE-NAME-0912,prepared,category-breaker,minimal,beautiful,100,results/MUSE-NAME-0912.csv,,,,
MUSE-NAME-0913,prepared,category-breaker,minimal,unconventional,100,results/MUSE-NAME-0913.csv,,,,
MUSE-NAME-0914,prepared,category-breaker,minimal,timeless,100,results/MUSE-NAME-0914.csv,,,,
MUSE-NAME-0915,prepared,category-breaker,minimal,friendly,100,results/MUSE-NAME-0915.csv,,,,
MUSE-NAME-0916,prepared,category-breaker,minimal,editorial,100,results/MUSE-NAME-0916.csv,,,,
MUSE-NAME-0917,prepared,category-breaker,minimal,iconic,100,results/MUSE-NAME-0917.csv,,,,
MUSE-NAME-0918,prepared,category-breaker,minimal,premium,100,results/MUSE-NAME-0918.csv,,,,
MUSE-NAME-0919,prepared,category-breaker,minimal,human,100,results/MUSE-NAME-0919.csv,,,,
MUSE-NAME-0920,prepared,category-breaker,minimal,remarkable,100,results/MUSE-NAME-0920.csv,,,,
MUSE-NAME-0921,prepared,category-breaker,unexpected,confident,100,results/MUSE-NAME-0921.csv,,,,
MUSE-NAME-0922,prepared,category-breaker,unexpected,beautiful,100,results/MUSE-NAME-0922.csv,,,,
MUSE-NAME-0923,prepared,category-breaker,unexpected,unconventional,100,results/MUSE-NAME-0923.csv,,,,
MUSE-NAME-0924,prepared,category-breaker,unexpected,timeless,100,results/MUSE-NAME-0924.csv,,,,
MUSE-NAME-0925,prepared,category-breaker,unexpected,friendly,100,results/MUSE-NAME-0925.csv,,,,
MUSE-NAME-0926,prepared,category-breaker,unexpected,editorial,100,results/MUSE-NAME-0926.csv,,,,
MUSE-NAME-0927,prepared,category-breaker,unexpected,iconic,100,results/MUSE-NAME-0927.csv,,,,
MUSE-NAME-0928,prepared,category-breaker,unexpected,premium,100,results/MUSE-NAME-0928.csv,,,,
MUSE-NAME-0929,prepared,category-breaker,unexpected,human,100,results/MUSE-NAME-0929.csv,,,,
MUSE-NAME-0930,prepared,category-breaker,unexpected,remarkable,100,results/MUSE-NAME-0930.csv,,,,
MUSE-NAME-0931,prepared,category-breaker,contrarian,confident,100,results/MUSE-NAME-0931.csv,,,,
MUSE-NAME-0932,prepared,category-breaker,contrarian,beautiful,100,results/MUSE-NAME-0932.csv,,,,
MUSE-NAME-0933,prepared,category-breaker,contrarian,unconventional,100,results/MUSE-NAME-0933.csv,,,,
MUSE-NAME-0934,prepared,category-breaker,contrarian,timeless,100,results/MUSE-NAME-0934.csv,,,,
MUSE-NAME-0935,prepared,category-breaker,contrarian,friendly,100,results/MUSE-NAME-0935.csv,,,,
MUSE-NAME-0936,prepared,category-breaker,contrarian,editorial,100,results/MUSE-NAME-0936.csv,,,,
MUSE-NAME-0937,prepared,category-breaker,contrarian,iconic,100,results/MUSE-NAME-0937.csv,,,,
MUSE-NAME-0938,prepared,category-breaker,contrarian,premium,100,results/MUSE-NAME-0938.csv,,,,
MUSE-NAME-0939,prepared,category-breaker,contrarian,human,100,results/MUSE-NAME-0939.csv,,,,
MUSE-NAME-0940,prepared,category-breaker,contrarian,remarkable,100,results/MUSE-NAME-0940.csv,,,,
MUSE-NAME-0941,prepared,category-breaker,prestige,confident,100,results/MUSE-NAME-0941.csv,,,,
MUSE-NAME-0942,prepared,category-breaker,prestige,beautiful,100,results/MUSE-NAME-0942.csv,,,,
MUSE-NAME-0943,prepared,category-breaker,prestige,unconventional,100,results/MUSE-NAME-0943.csv,,,,
MUSE-NAME-0944,prepared,category-breaker,prestige,timeless,100,results/MUSE-NAME-0944.csv,,,,
MUSE-NAME-0945,prepared,category-breaker,prestige,friendly,100,results/MUSE-NAME-0945.csv,,,,
MUSE-NAME-0946,prepared,category-breaker,prestige,editorial,100,results/MUSE-NAME-0946.csv,,,,
MUSE-NAME-0947,prepared,category-breaker,prestige,iconic,100,results/MUSE-NAME-0947.csv,,,,
MUSE-NAME-0948,prepared,category-breaker,prestige,premium,100,results/MUSE-NAME-0948.csv,,,,
MUSE-NAME-0949,prepared,category-breaker,prestige,human,100,results/MUSE-NAME-0949.csv,,,,
MUSE-NAME-0950,prepared,category-breaker,prestige,remarkable,100,results/MUSE-NAME-0950.csv,,,,
MUSE-NAME-0951,prepared,category-breaker,future-facing,confident,100,results/MUSE-NAME-0951.csv,,,,
MUSE-NAME-0952,prepared,category-breaker,future-facing,beautiful,100,results/MUSE-NAME-0952.csv,,,,
MUSE-NAME-0953,prepared,category-breaker,future-facing,unconventional,100,results/MUSE-NAME-0953.csv,,,,
MUSE-NAME-0954,prepared,category-breaker,future-facing,timeless,100,results/MUSE-NAME-0954.csv,,,,
MUSE-NAME-0955,prepared,category-breaker,future-facing,friendly,100,results/MUSE-NAME-0955.csv,,,,
MUSE-NAME-0956,prepared,category-breaker,future-facing,editorial,100,results/MUSE-NAME-0956.csv,,,,
MUSE-NAME-0957,prepared,category-breaker,future-facing,iconic,100,results/MUSE-NAME-0957.csv,,,,
MUSE-NAME-0958,prepared,category-breaker,future-facing,premium,100,results/MUSE-NAME-0958.csv,,,,
MUSE-NAME-0959,prepared,category-breaker,future-facing,human,100,results/MUSE-NAME-0959.csv,,,,
MUSE-NAME-0960,prepared,category-breaker,future-facing,remarkable,100,results/MUSE-NAME-0960.csv,,,,
MUSE-NAME-0961,prepared,category-breaker,playful,confident,100,results/MUSE-NAME-0961.csv,,,,
MUSE-NAME-0962,prepared,category-breaker,playful,beautiful,100,results/MUSE-NAME-0962.csv,,,,
MUSE-NAME-0963,prepared,category-breaker,playful,unconventional,100,results/MUSE-NAME-0963.csv,,,,
MUSE-NAME-0964,prepared,category-breaker,playful,timeless,100,results/MUSE-NAME-0964.csv,,,,
MUSE-NAME-0965,prepared,category-breaker,playful,friendly,100,results/MUSE-NAME-0965.csv,,,,
MUSE-NAME-0966,prepared,category-breaker,playful,editorial,100,results/MUSE-NAME-0966.csv,,,,
MUSE-NAME-0967,prepared,category-breaker,playful,iconic,100,results/MUSE-NAME-0967.csv,,,,
MUSE-NAME-0968,prepared,category-breaker,playful,premium,100,results/MUSE-NAME-0968.csv,,,,
MUSE-NAME-0969,prepared,category-breaker,playful,human,100,results/MUSE-NAME-0969.csv,,,,
MUSE-NAME-0970,prepared,category-breaker,playful,remarkable,100,results/MUSE-NAME-0970.csv,,,,
MUSE-NAME-0971,prepared,category-breaker,understated,confident,100,results/MUSE-NAME-0971.csv,,,,
MUSE-NAME-0972,prepared,category-breaker,understated,beautiful,100,results/MUSE-NAME-0972.csv,,,,
MUSE-NAME-0973,prepared,category-breaker,understated,unconventional,100,results/MUSE-NAME-0973.csv,,,,
MUSE-NAME-0974,prepared,category-breaker,understated,timeless,100,results/MUSE-NAME-0974.csv,,,,
MUSE-NAME-0975,prepared,category-breaker,understated,friendly,100,results/MUSE-NAME-0975.csv,,,,
MUSE-NAME-0976,prepared,category-breaker,understated,editorial,100,results/MUSE-NAME-0976.csv,,,,
MUSE-NAME-0977,prepared,category-breaker,understated,iconic,100,results/MUSE-NAME-0977.csv,,,,
MUSE-NAME-0978,prepared,category-breaker,understated,premium,100,results/MUSE-NAME-0978.csv,,,,
MUSE-NAME-0979,prepared,category-breaker,understated,human,100,results/MUSE-NAME-0979.csv,,,,
MUSE-NAME-0980,prepared,category-breaker,understated,remarkable,100,results/MUSE-NAME-0980.csv,,,,
MUSE-NAME-0981,prepared,category-breaker,monumental,confident,100,results/MUSE-NAME-0981.csv,,,,
MUSE-NAME-0982,prepared,category-breaker,monumental,beautiful,100,results/MUSE-NAME-0982.csv,,,,
MUSE-NAME-0983,prepared,category-breaker,monumental,unconventional,100,results/MUSE-NAME-0983.csv,,,,
MUSE-NAME-0984,prepared,category-breaker,monumental,timeless,100,results/MUSE-NAME-0984.csv,,,,
MUSE-NAME-0985,prepared,category-breaker,monumental,friendly,100,results/MUSE-NAME-0985.csv,,,,
MUSE-NAME-0986,prepared,category-breaker,monumental,editorial,100,results/MUSE-NAME-0986.csv,,,,
MUSE-NAME-0987,prepared,category-breaker,monumental,iconic,100,results/MUSE-NAME-0987.csv,,,,
MUSE-NAME-0988,prepared,category-breaker,monumental,premium,100,results/MUSE-NAME-0988.csv,,,,
MUSE-NAME-0989,prepared,category-breaker,monumental,human,100,results/MUSE-NAME-0989.csv,,,,
MUSE-NAME-0990,prepared,category-breaker,monumental,remarkable,100,results/MUSE-NAME-0990.csv,,,,
MUSE-NAME-0991,prepared,category-breaker,human,confident,100,results/MUSE-NAME-0991.csv,,,,
MUSE-NAME-0992,prepared,category-breaker,human,beautiful,100,results/MUSE-NAME-0992.csv,,,,
MUSE-NAME-0993,prepared,category-breaker,human,unconventional,100,results/MUSE-NAME-0993.csv,,,,
MUSE-NAME-0994,prepared,category-breaker,human,timeless,100,results/MUSE-NAME-0994.csv,,,,
MUSE-NAME-0995,prepared,category-breaker,human,friendly,100,results/MUSE-NAME-0995.csv,,,,
MUSE-NAME-0996,prepared,category-breaker,human,editorial,100,results/MUSE-NAME-0996.csv,,,,
MUSE-NAME-0997,prepared,category-breaker,human,iconic,100,results/MUSE-NAME-0997.csv,,,,
MUSE-NAME-0998,prepared,category-breaker,human,premium,100,results/MUSE-NAME-0998.csv,,,,
MUSE-NAME-0999,prepared,category-breaker,human,human,100,results/MUSE-NAME-0999.csv,,,,
MUSE-NAME-1000,prepared,category-breaker,human,remarkable,100,results/MUSE-NAME-1000.csv,,,,
